prescription_event_id,customer_id,product_id,event_date,prescription_count,patient_count
RX000001,C0007,P002,2024-01-02,79,64
RX000002,C0028,P007,2024-01-28,111,95
RX000003,C0019,P007,2024-01-15,9,8
RX000004,C0016,P016,2024-01-07,29,23
RX000005,C0004,P013,2024-01-12,14,12
RX000006,C0018,P013,2024-01-01,107,64
RX000007,C0011,P015,2024-01-22,60,50
RX000008,C0021,P017,2024-01-10,119,87
RX000009,C0011,P017,2024-01-02,84,63
RX000010,C0003,P023,2024-01-19,14,11
RX000011,C0005,P022,2024-01-12,93,84
RX000012,C0011,P019,2024-01-05,35,24
RX000013,C0011,P019,2024-01-24,62,56
RX000014,C0025,P030,2024-01-09,99,64
RX000015,C0047,P004,2024-01-09,98,85
RX000016,C0039,P005,2024-01-13,111,78
RX000017,C0044,P014,2024-01-04,59,49
RX000018,C0060,P020,2024-01-10,98,60
RX000019,C0032,P021,2024-01-08,15,12
RX000020,C0036,P029,2024-01-26,104,87
RX000021,C0070,P009,2024-01-09,119,86
RX000022,C0085,P017,2024-01-04,22,19
RX000023,C0089,P017,2024-01-20,12,8
RX000024,C0075,P015,2024-01-13,115,90
RX000025,C0084,P016,2024-01-28,70,49
RX000026,C0072,P023,2024-01-01,17,15
RX000027,C0077,P029,2024-01-06,36,29
RX000028,C0100,P002,2024-01-06,62,55
RX000029,C0097,P014,2024-01-17,55,48
RX000030,C0113,P021,2024-01-25,88,78
RX000031,C0020,P006,2024-02-08,104,97
RX000032,C0009,P005,2024-02-08,14,10
RX000033,C0009,P010,2024-02-18,65,40
RX000034,C0009,P008,2024-02-18,27,18
RX000035,C0009,P018,2024-02-19,80,52
RX000036,C0013,P015,2024-02-05,53,32
RX000037,C0016,P014,2024-02-08,38,33
RX000038,C0009,P021,2024-02-26,17,12
RX000039,C0026,P019,2024-02-17,19,17
RX000040,C0014,P019,2024-02-07,5,4
RX000041,C0001,P029,2024-02-10,115,107
RX000042,C0019,P030,2024-02-06,43,39
RX000043,C0003,P028,2024-02-19,95,69
RX000044,C0041,P006,2024-02-19,12,10
RX000045,C0039,P005,2024-02-15,52,36
RX000046,C0047,P004,2024-02-05,35,25
RX000047,C0033,P018,2024-02-13,99,86
RX000048,C0047,P015,2024-02-09,6,3
RX000049,C0044,P021,2024-02-14,36,33
RX000050,C0031,P020,2024-02-04,53,31
RX000051,C0059,P022,2024-02-12,49,39
RX000052,C0057,P028,2024-02-28,81,73
RX000053,C0078,P005,2024-02-28,88,69
RX000054,C0070,P005,2024-02-06,61,50
RX000055,C0086,P012,2024-02-11,47,33
RX000056,C0086,P015,2024-02-02,8,5
RX000057,C0090,P013,2024-02-14,117,92
RX000058,C0077,P015,2024-02-13,32,24
RX000059,C0075,P014,2024-02-23,116,91
RX000060,C0068,P023,2024-02-16,101,67
RX000061,C0076,P024,2024-02-04,60,39
RX000062,C0076,P024,2024-02-27,87,74
RX000063,C0073,P030,2024-02-27,97,75
RX000064,C0089,P025,2024-02-11,23,17
RX000065,C0110,P014,2024-02-22,116,106
RX000066,C0028,P002,2024-03-24,80,53
RX000067,C0021,P005,2024-03-12,106,79
RX000068,C0007,P001,2024-03-07,108,93
RX000069,C0003,P004,2024-03-07,96,90
RX000070,C0026,P011,2024-03-04,39,23
RX000071,C0025,P018,2024-03-10,15,10
RX000072,C0027,P015,2024-03-10,67,58
RX000073,C0011,P018,2024-03-16,112,88
RX000074,C0027,P018,2024-03-27,9,6
RX000075,C0028,P015,2024-03-06,57,50
RX000076,C0005,P019,2024-03-14,56,48
RX000077,C0021,P023,2024-03-23,111,94
RX000078,C0014,P021,2024-03-21,46,42
RX000079,C0013,P020,2024-03-04,102,79
RX000080,C0026,P030,2024-03-07,91,84
RX000081,C0009,P028,2024-03-20,120,103
RX000082,C0026,P030,2024-03-13,110,102
RX000083,C0056,P001,2024-03-28,56,47
RX000084,C0052,P001,2024-03-20,100,72
RX000085,C0056,P001,2024-03-01,118,108
RX000086,C0052,P009,2024-03-10,113,106
RX000087,C0054,P008,2024-03-19,97,79
RX000088,C0040,P013,2024-03-19,9,8
RX000089,C0053,P016,2024-03-27,91,83
RX000090,C0032,P019,2024-03-24,17,11
RX000091,C0051,P023,2024-03-17,37,34
RX000092,C0044,P021,2024-03-27,22,14
RX000093,C0031,P025,2024-03-01,86,71
RX000094,C0039,P026,2024-03-14,42,30
RX000095,C0081,P006,2024-03-23,22,13
RX000096,C0081,P004,2024-03-23,57,41
RX000097,C0070,P002,2024-03-06,92,79
RX000098,C0081,P011,2024-03-02,52,33
RX000099,C0076,P013,2024-03-10,83,63
RX000100,C0085,P013,2024-03-20,33,21
RX000101,C0087,P015,2024-03-04,31,21
RX000102,C0080,P023,2024-03-15,110,95
RX000103,C0084,P019,2024-03-23,91,80
RX000104,C0077,P026,2024-03-20,93,59
RX000105,C0099,P001,2024-03-10,103,81
RX000106,C0097,P022,2024-03-27,18,15
RX000107,C0092,P019,2024-03-12,88,81
RX000108,C0028,P003,2024-04-09,17,13
RX000109,C0023,P002,2024-04-04,103,86
RX000110,C0027,P001,2024-04-22,102,83
RX000111,C0028,P010,2024-04-02,119,87
RX000112,C0002,P008,2024-04-20,103,83
RX000113,C0011,P017,2024-04-24,101,91
RX000114,C0021,P013,2024-04-27,10,8
RX000115,C0011,P015,2024-04-16,9,6
RX000116,C0007,P017,2024-04-10,52,31
RX000117,C0028,P016,2024-04-23,11,6
RX000118,C0018,P015,2024-04-22,104,83
RX000119,C0014,P022,2024-04-01,61,46
RX000120,C0017,P019,2024-04-26,80,48
RX000121,C0028,P019,2024-04-23,15,10
RX000122,C0009,P020,2024-04-16,79,70
RX000123,C0026,P027,2024-04-16,70,53
RX000124,C0003,P030,2024-04-05,79,60
RX000125,C0057,P002,2024-04-07,31,22
RX000126,C0056,P005,2024-04-08,7,5
RX000127,C0052,P001,2024-04-09,102,86
RX000128,C0043,P007,2024-04-26,8,5
RX000129,C0044,P015,2024-04-02,63,38
RX000130,C0047,P016,2024-04-24,101,69
RX000131,C0043,P022,2024-04-08,21,19
RX000132,C0038,P020,2024-04-27,6,4
RX000133,C0031,P027,2024-04-06,112,70
RX000134,C0087,P001,2024-04-18,5,3
RX000135,C0081,P005,2024-04-02,67,57
RX000136,C0081,P012,2024-04-18,64,45
RX000137,C0090,P018,2024-04-06,111,75
RX000138,C0062,P015,2024-04-15,100,62
RX000139,C0077,P013,2024-04-20,89,60
RX000140,C0077,P013,2024-04-19,114,87
RX000141,C0074,P021,2024-04-27,96,60
RX000142,C0075,P026,2024-04-01,17,12
RX000143,C0116,P003,2024-04-06,25,19
RX000144,C0091,P013,2024-04-25,110,78
RX000145,C0094,P020,2024-04-16,29,17
RX000146,C0119,P030,2024-04-14,40,35
RX000147,C0028,P003,2024-05-15,41,35
RX000148,C0020,P006,2024-05-19,106,68
RX000149,C0008,P004,2024-05-27,110,74
RX000150,C0009,P003,2024-05-18,52,47
RX000151,C0002,P008,2024-05-04,74,52
RX000152,C0016,P016,2024-05-14,99,63
RX000153,C0011,P016,2024-05-02,80,54
RX000154,C0016,P015,2024-05-15,21,13
RX000155,C0020,P022,2024-05-18,99,87
RX000156,C0011,P024,2024-05-11,108,95
RX000157,C0026,P024,2024-05-16,70,55
RX000158,C0027,P023,2024-05-10,57,46
RX000159,C0028,P019,2024-05-23,86,64
RX000160,C0019,P026,2024-05-07,32,30
RX000161,C0025,P025,2024-05-14,108,66
RX000162,C0041,P005,2024-05-17,11,8
RX000163,C0048,P003,2024-05-05,54,33
RX000164,C0031,P010,2024-05-16,86,69
RX000165,C0045,P018,2024-05-07,5,4
RX000166,C0052,P018,2024-05-17,43,35
RX000167,C0047,P019,2024-05-26,9,6
RX000168,C0044,P020,2024-05-07,20,16
RX000169,C0039,P030,2024-05-07,63,45
RX000170,C0059,P029,2024-05-08,109,98
RX000171,C0078,P002,2024-05-06,9,7
RX000172,C0078,P001,2024-05-20,67,63
RX000173,C0080,P006,2024-05-02,51,37
RX000174,C0086,P012,2024-05-02,35,21
RX000175,C0089,P016,2024-05-06,24,16
RX000176,C0084,P016,2024-05-24,32,25
RX000177,C0073,P018,2024-05-18,69,54
RX000178,C0066,P022,2024-05-25,6,4
RX000179,C0072,P021,2024-05-14,29,27
RX000180,C0073,P025,2024-05-14,36,31
RX000181,C0072,P026,2024-05-04,100,88
RX000182,C0114,P003,2024-05-04,85,51
RX000183,C0099,P010,2024-05-13,97,79
RX000184,C0102,P013,2024-05-26,85,66
RX000185,C0115,P020,2024-05-24,74,58
RX000186,C0115,P028,2024-05-20,79,62
RX000187,C0007,P006,2024-06-02,86,69
RX000188,C0020,P005,2024-06-18,79,73
RX000189,C0023,P004,2024-06-05,48,40
RX000190,C0026,P010,2024-06-22,54,39
RX000191,C0023,P015,2024-06-27,49,33
RX000192,C0009,P014,2024-06-24,13,8
RX000193,C0024,P015,2024-06-18,88,79
RX000194,C0024,P016,2024-06-24,109,83
RX000195,C0009,P015,2024-06-21,52,36
RX000196,C0007,P018,2024-06-20,12,7
RX000197,C0017,P020,2024-06-13,114,83
RX000198,C0028,P022,2024-06-20,74,63
RX000199,C0015,P023,2024-06-28,49,37
RX000200,C0001,P026,2024-06-18,30,26
RX000201,C0001,P026,2024-06-01,9,6
RX000202,C0039,P002,2024-06-25,76,57
RX000203,C0047,P006,2024-06-11,22,14
RX000204,C0052,P007,2024-06-10,56,36
RX000205,C0035,P014,2024-06-10,104,62
RX000206,C0041,P018,2024-06-09,102,70
RX000207,C0049,P017,2024-06-15,93,78
RX000208,C0032,P014,2024-06-02,31,22
RX000209,C0053,P019,2024-06-23,28,24
RX000210,C0032,P023,2024-06-18,55,48
RX000211,C0047,P028,2024-06-18,56,48
RX000212,C0059,P028,2024-06-25,17,15
RX000213,C0080,P005,2024-06-06,44,35
RX000214,C0080,P004,2024-06-05,88,81
RX000215,C0070,P005,2024-06-23,48,40
RX000216,C0070,P012,2024-06-02,16,9
RX000217,C0087,P018,2024-06-09,84,71
RX000218,C0079,P015,2024-06-04,81,60
RX000219,C0061,P017,2024-06-21,114,89
RX000220,C0086,P017,2024-06-18,88,74
RX000221,C0084,P013,2024-06-08,103,72
RX000222,C0076,P023,2024-06-28,17,13
RX000223,C0067,P020,2024-06-07,117,72
RX000224,C0072,P022,2024-06-22,101,85
RX000225,C0072,P030,2024-06-23,52,48
RX000226,C0109,P005,2024-06-25,39,34
RX000227,C0095,P008,2024-06-21,73,65
RX000228,C0092,P021,2024-06-22,68,43
RX000229,C0003,P001,2024-07-21,7,6
RX000230,C0020,P005,2024-07-15,116,73
RX000231,C0007,P006,2024-07-22,68,63
RX000232,C0002,P012,2024-07-04,20,14
RX000233,C0009,P010,2024-07-11,14,9
RX000234,C0027,P016,2024-07-20,117,77
RX000235,C0014,P018,2024-07-08,78,50
RX000236,C0028,P013,2024-07-17,68,45
RX000237,C0021,P018,2024-07-15,100,71
RX000238,C0013,P013,2024-07-21,118,77
RX000239,C0013,P017,2024-07-17,45,33
RX000240,C0020,P021,2024-07-11,8,6
RX000241,C0014,P021,2024-07-17,20,15
RX000242,C0011,P019,2024-07-06,56,43
RX000243,C0009,P019,2024-07-16,64,53
RX000244,C0013,P019,2024-07-27,30,25
RX000245,C0001,P030,2024-07-17,46,35
RX000246,C0026,P029,2024-07-11,26,24
RX000247,C0024,P029,2024-07-24,100,77
RX000248,C0039,P006,2024-07-28,18,11
RX000249,C0048,P006,2024-07-09,115,85
RX000250,C0044,P017,2024-07-12,64,45
RX000251,C0043,P014,2024-07-20,34,32
RX000252,C0045,P016,2024-07-25,75,69
RX000253,C0041,P023,2024-07-21,35,31
RX000254,C0059,P020,2024-07-12,110,78
RX000255,C0047,P027,2024-07-04,8,5
RX000256,C0089,P008,2024-07-28,91,80
RX000257,C0076,P009,2024-07-06,69,57
RX000258,C0075,P017,2024-07-24,15,11
RX000259,C0086,P016,2024-07-05,109,90
RX000260,C0079,P013,2024-07-10,13,11
RX000261,C0072,P021,2024-07-06,118,90
RX000262,C0069,P022,2024-07-28,81,50
RX000263,C0084,P021,2024-07-22,29,25
RX000264,C0068,P019,2024-07-08,99,60
RX000265,C0077,P027,2024-07-16,74,56
RX000266,C0119,P016,2024-07-05,11,9
RX000267,C0097,P023,2024-07-13,29,19
RX000268,C0115,P027,2024-07-02,99,60
RX000269,C0023,P002,2024-08-12,90,66
RX000270,C0027,P001,2024-08-15,26,19
RX000271,C0003,P002,2024-08-09,75,51
RX000272,C0003,P004,2024-08-24,92,67
RX000273,C0028,P010,2024-08-08,24,18
RX000274,C0009,P011,2024-08-26,103,75
RX000275,C0011,P015,2024-08-01,72,67
RX000276,C0024,P016,2024-08-14,108,68
RX000277,C0025,P015,2024-08-05,51,41
RX000278,C0011,P017,2024-08-21,17,13
RX000279,C0015,P020,2024-08-13,67,48
RX000280,C0010,P023,2024-08-24,10,7
RX000281,C0010,P021,2024-08-03,23,20
RX000282,C0010,P025,2024-08-01,63,55
RX000283,C0001,P025,2024-08-10,32,29
RX000284,C0033,P002,2024-08-28,6,4
RX000285,C0041,P013,2024-08-10,52,40
RX000286,C0050,P018,2024-08-19,9,6
RX000287,C0044,P016,2024-08-08,18,14
RX000288,C0031,P023,2024-08-24,62,53
RX000289,C0041,P020,2024-08-28,117,88
RX000290,C0042,P019,2024-08-14,12,11
RX000291,C0033,P024,2024-08-05,21,17
RX000292,C0036,P027,2024-08-15,57,35
RX000293,C0031,P026,2024-08-22,45,28
RX000294,C0087,P005,2024-08-27,13,9
RX000295,C0074,P005,2024-08-27,57,46
RX000296,C0089,P011,2024-08-16,104,65
RX000297,C0075,P016,2024-08-16,105,66
RX000298,C0085,P016,2024-08-09,109,97
RX000299,C0067,P016,2024-08-01,42,28
RX000300,C0075,P018,2024-08-24,42,36
RX000301,C0062,P029,2024-08-20,41,29
RX000302,C0067,P030,2024-08-21,107,89
RX000303,C0100,P006,2024-08-08,90,73
RX000304,C0091,P022,2024-08-02,93,86
RX000305,C0117,P027,2024-08-01,50,40
RX000306,C0009,P005,2024-09-06,116,81
RX000307,C0021,P004,2024-09-14,50,40
RX000308,C0028,P005,2024-09-14,44,38
RX000309,C0021,P003,2024-09-20,54,50
RX000310,C0009,P009,2024-09-08,108,79
RX000311,C0019,P008,2024-09-16,22,18
RX000312,C0007,P018,2024-09-14,76,70
RX000313,C0009,P018,2024-09-06,39,25
RX000314,C0002,P017,2024-09-24,27,16
RX000315,C0005,P019,2024-09-22,55,35
RX000316,C0005,P024,2024-09-11,114,71
RX000317,C0009,P020,2024-09-26,100,61
RX000318,C0026,P023,2024-09-07,75,65
RX000319,C0010,P020,2024-09-20,100,82
RX000320,C0001,P030,2024-09-14,93,87
RX000321,C0001,P025,2024-09-22,7,5
RX000322,C0024,P025,2024-09-24,39,27
RX000323,C0039,P004,2024-09-14,78,48
RX000324,C0057,P004,2024-09-02,28,19
RX000325,C0043,P010,2024-09-11,5,3
RX000326,C0043,P008,2024-09-25,80,64
RX000327,C0032,P016,2024-09-25,59,44
RX000328,C0042,P018,2024-09-27,34,29
RX000329,C0053,P016,2024-09-14,105,87
RX000330,C0042,P016,2024-09-17,25,18
RX000331,C0049,P013,2024-09-26,53,41
RX000332,C0059,P016,2024-09-10,39,25
RX000333,C0041,P020,2024-09-07,7,6
RX000334,C0033,P024,2024-09-26,78,61
RX000335,C0068,P004,2024-09-06,7,4
RX000336,C0087,P002,2024-09-14,105,73
RX000337,C0075,P006,2024-09-07,74,51
RX000338,C0070,P011,2024-09-13,51,40
RX000339,C0075,P017,2024-09-26,90,67
RX000340,C0073,P017,2024-09-10,16,13
RX000341,C0062,P013,2024-09-14,42,27
RX000342,C0090,P017,2024-09-13,8,6
RX000343,C0072,P024,2024-09-01,16,15
RX000344,C0077,P022,2024-09-24,79,67
RX000345,C0084,P019,2024-09-21,92,69
RX000346,C0077,P027,2024-09-28,18,16
RX000347,C0094,P001,2024-09-10,23,17
RX000348,C0115,P002,2024-09-10,85,68
RX000349,C0107,P015,2024-09-18,35,22
RX000350,C0102,P020,2024-09-04,75,47
RX000351,C0109,P023,2024-09-20,5,3
RX000352,C0117,P028,2024-09-18,60,51
RX000353,C0003,P001,2024-10-16,46,32
RX000354,C0020,P003,2024-10-10,27,19
RX000355,C0003,P004,2024-10-01,65,54
RX000356,C0003,P004,2024-10-06,114,81
RX000357,C0028,P008,2024-10-09,46,40
RX000358,C0028,P011,2024-10-19,29,18
RX000359,C0002,P008,2024-10-12,42,28
RX000360,C0021,P015,2024-10-03,22,18
RX000361,C0013,P013,2024-10-07,69,42
RX000362,C0028,P019,2024-10-08,108,83
RX000363,C0027,P020,2024-10-15,53,48
RX000364,C0025,P026,2024-10-06,73,65
RX000365,C0001,P030,2024-10-12,26,16
RX000366,C0026,P028,2024-10-13,85,54
RX000367,C0037,P002,2024-10-10,18,12
RX000368,C0047,P005,2024-10-24,115,107
RX000369,C0051,P007,2024-10-07,69,65
RX000370,C0047,P018,2024-10-10,71,53
RX000371,C0052,P015,2024-10-12,98,69
RX000372,C0045,P016,2024-10-17,11,8
RX000373,C0059,P018,2024-10-04,83,74
RX000374,C0031,P022,2024-10-01,16,12
RX000375,C0031,P019,2024-10-12,79,51
RX000376,C0033,P022,2024-10-17,114,88
RX000377,C0036,P029,2024-10-20,48,40
RX000378,C0080,P002,2024-10-10,34,30
RX000379,C0081,P002,2024-10-02,85,68
RX000380,C0075,P001,2024-10-15,66,51
RX000381,C0087,P006,2024-10-05,95,86
RX000382,C0074,P004,2024-10-01,101,69
RX000383,C0079,P013,2024-10-10,73,52
RX000384,C0090,P015,2024-10-12,28,19
RX000385,C0068,P020,2024-10-15,40,28
RX000386,C0088,P021,2024-10-20,46,42
RX000387,C0065,P024,2024-10-17,51,47
RX000388,C0077,P019,2024-10-01,88,61
RX000389,C0073,P028,2024-10-01,55,43
RX000390,C0101,P001,2024-10-26,58,46
RX000391,C0096,P007,2024-10-17,45,28
RX000392,C0117,P022,2024-10-21,18,14
RX000393,C0003,P004,2024-11-20,68,54
RX000394,C0008,P003,2024-11-26,10,6
RX000395,C0008,P006,2024-11-26,11,10
RX000396,C0028,P001,2024-11-23,26,16
RX000397,C0007,P004,2024-11-17,44,34
RX000398,C0019,P007,2024-11-18,81,72
RX000399,C0028,P011,2024-11-16,39,27
RX000400,C0002,P015,2024-11-07,45,34
RX000401,C0022,P016,2024-11-20,41,37
RX000402,C0016,P017,2024-11-06,108,100
RX000403,C0016,P016,2024-11-01,80,66
RX000404,C0024,P015,2024-11-20,51,40
RX000405,C0005,P024,2024-11-14,95,65
RX000406,C0020,P021,2024-11-18,27,22
RX000407,C0026,P020,2024-11-02,98,78
RX000408,C0010,P030,2024-11-17,12,8
RX000409,C0047,P004,2024-11-28,100,66
RX000410,C0056,P005,2024-11-04,44,34
RX000411,C0051,P011,2024-11-21,47,41
RX000412,C0043,P009,2024-11-03,91,69
RX000413,C0033,P013,2024-11-05,72,66
RX000414,C0050,P016,2024-11-05,95,87
RX000415,C0033,P015,2024-11-27,107,99
RX000416,C0042,P018,2024-11-06,50,37
RX000417,C0059,P024,2024-11-04,21,13
RX000418,C0059,P021,2024-11-20,11,7
RX000419,C0041,P023,2024-11-19,48,29
RX000420,C0055,P026,2024-11-23,98,62
RX000421,C0038,P026,2024-11-12,56,39
RX000422,C0075,P005,2024-11-09,107,100
RX000423,C0082,P002,2024-11-24,47,42
RX000424,C0068,P006,2024-11-22,119,86
RX000425,C0078,P017,2024-11-09,30,26
RX000426,C0086,P017,2024-11-27,90,79
RX000427,C0074,P013,2024-11-16,71,63
RX000428,C0067,P013,2024-11-22,60,44
RX000429,C0085,P017,2024-11-17,12,7
RX000430,C0068,P020,2024-11-10,43,27
RX000431,C0068,P024,2024-11-05,48,34
RX000432,C0065,P024,2024-11-09,9,8
RX000433,C0063,P024,2024-11-08,29,24
RX000434,C0071,P025,2024-11-08,78,61
RX000435,C0067,P030,2024-11-20,94,69
RX000436,C0073,P028,2024-11-11,29,17
RX000437,C0113,P001,2024-11-05,54,40
RX000438,C0095,P012,2024-11-09,73,63
RX000439,C0097,P016,2024-11-20,46,37
RX000440,C0110,P013,2024-11-06,50,32
RX000441,C0109,P020,2024-11-04,36,22
RX000442,C0096,P030,2024-11-19,51,42
RX000443,C0008,P001,2024-12-15,115,88
RX000444,C0008,P006,2024-12-14,16,14
RX000445,C0027,P002,2024-12-16,11,9
RX000446,C0009,P009,2024-12-08,37,32
RX000447,C0002,P010,2024-12-06,77,70
RX000448,C0028,P008,2024-12-16,84,52
RX000449,C0023,P013,2024-12-23,112,105
RX000450,C0002,P013,2024-12-15,11,8
RX000451,C0028,P018,2024-12-06,118,77
RX000452,C0024,P015,2024-12-21,17,12
RX000453,C0009,P016,2024-12-10,33,29
RX000454,C0021,P014,2024-12-09,102,74
RX000455,C0021,P018,2024-12-24,115,96
RX000456,C0026,P019,2024-12-04,69,60
RX000457,C0003,P022,2024-12-11,85,73
RX000458,C0001,P026,2024-12-06,89,62
RX000459,C0001,P030,2024-12-14,54,42
RX000460,C0003,P025,2024-12-26,75,53
RX000461,C0052,P003,2024-12-13,5,3
RX000462,C0039,P005,2024-12-06,95,89
RX000463,C0057,P003,2024-12-02,67,52
RX000464,C0043,P007,2024-12-25,82,70
RX000465,C0052,P007,2024-12-27,16,12
RX000466,C0045,P014,2024-12-20,28,24
RX000467,C0052,P015,2024-12-17,105,85
RX000468,C0047,P016,2024-12-07,116,94
RX000469,C0045,P013,2024-12-27,36,31
RX000470,C0049,P018,2024-12-13,9,7
RX000471,C0042,P024,2024-12-26,58,42
RX000472,C0042,P022,2024-12-12,85,73
RX000473,C0038,P027,2024-12-25,98,78
RX000474,C0082,P005,2024-12-04,14,10
RX000475,C0089,P007,2024-12-02,29,20
RX000476,C0089,P018,2024-12-15,54,32
RX000477,C0077,P015,2024-12-24,117,94
RX000478,C0062,P016,2024-12-05,26,20
RX000479,C0087,P014,2024-12-03,108,97
RX000480,C0072,P021,2024-12-18,71,61
RX000481,C0073,P027,2024-12-08,96,76
RX000482,C0077,P027,2024-12-06,42,38
RX000483,C0099,P004,2024-12-27,64,56
RX000484,C0113,P006,2024-12-04,71,65
RX000485,C0096,P007,2024-12-28,50,33
RX000486,C0119,P014,2024-12-13,89,69
RX000487,C0115,P018,2024-12-13,111,70
RX000488,C0011,P005,2025-01-27,72,63
RX000489,C0029,P002,2025-01-12,49,42
RX000490,C0029,P005,2025-01-11,15,12
RX000491,C0014,P008,2025-01-15,66,61
RX000492,C0005,P010,2025-01-26,95,72
RX000493,C0018,P013,2025-01-10,21,14
RX000494,C0003,P016,2025-01-21,37,24
RX000495,C0010,P018,2025-01-03,42,33
RX000496,C0028,P016,2025-01-25,25,15
RX000497,C0004,P018,2025-01-11,54,32
RX000498,C0014,P023,2025-01-25,95,84
RX000499,C0020,P019,2025-01-17,75,58
RX000500,C0020,P021,2025-01-13,51,40
RX000501,C0012,P023,2025-01-18,120,105
RX000502,C0009,P026,2025-01-11,118,107
RX000503,C0012,P026,2025-01-06,29,18
RX000504,C0024,P027,2025-01-24,57,38
RX000505,C0051,P006,2025-01-07,46,37
RX000506,C0047,P006,2025-01-01,23,19
RX000507,C0036,P003,2025-01-16,94,71
RX000508,C0055,P006,2025-01-11,55,37
RX000509,C0043,P002,2025-01-09,42,26
RX000510,C0053,P009,2025-01-04,113,72
RX000511,C0038,P017,2025-01-24,81,65
RX000512,C0046,P016,2025-01-16,90,59
RX000513,C0040,P018,2025-01-06,119,109
RX000514,C0047,P014,2025-01-14,105,91
RX000515,C0059,P019,2025-01-28,48,38
RX000516,C0035,P022,2025-01-28,51,41
RX000517,C0050,P024,2025-01-04,67,42
RX000518,C0045,P026,2025-01-12,113,100
RX000519,C0039,P027,2025-01-24,102,68
RX000520,C0069,P005,2025-01-05,50,31
RX000521,C0061,P002,2025-01-19,44,27
RX000522,C0082,P002,2025-01-20,114,90
RX000523,C0069,P002,2025-01-20,94,87
RX000524,C0062,P011,2025-01-19,99,90
RX000525,C0089,P011,2025-01-20,57,43
RX000526,C0063,P017,2025-01-20,70,43
RX000527,C0070,P013,2025-01-13,86,79
RX000528,C0070,P017,2025-01-02,70,65
RX000529,C0074,P021,2025-01-03,46,32
RX000530,C0064,P024,2025-01-22,11,8
RX000531,C0082,P023,2025-01-17,66,60
RX000532,C0067,P028,2025-01-27,50,40
RX000533,C0095,P011,2025-01-06,21,16
RX000534,C0101,P017,2025-01-26,69,57
RX000535,C0113,P017,2025-01-25,105,71
RX000536,C0101,P019,2025-01-13,40,35
RX000537,C0110,P027,2025-01-04,69,63
RX000538,C0009,P003,2025-02-19,98,88
RX000539,C0025,P001,2025-02-03,76,56
RX000540,C0016,P004,2025-02-21,54,45
RX000541,C0016,P006,2025-02-03,119,76
RX000542,C0006,P008,2025-02-15,70,55
RX000543,C0012,P009,2025-02-23,56,40
RX000544,C0023,P013,2025-02-25,66,43
RX000545,C0019,P015,2025-02-26,34,26
RX000546,C0019,P017,2025-02-22,12,10
RX000547,C0004,P013,2025-02-28,118,89
RX000548,C0020,P024,2025-02-21,30,18
RX000549,C0025,P021,2025-02-03,80,49
RX000550,C0007,P019,2025-02-10,92,68
RX000551,C0028,P019,2025-02-12,33,28
RX000552,C0029,P027,2025-02-22,75,64
RX000553,C0004,P025,2025-02-17,79,50
RX000554,C0041,P005,2025-02-21,97,72
RX000555,C0035,P009,2025-02-05,30,19
RX000556,C0038,P018,2025-02-19,42,32
RX000557,C0036,P019,2025-02-13,29,24
RX000558,C0047,P024,2025-02-14,69,46
RX000559,C0052,P019,2025-02-22,74,51
RX000560,C0055,P028,2025-02-22,81,49
RX000561,C0061,P006,2025-02-24,58,41
RX000562,C0082,P005,2025-02-17,30,24
RX000563,C0067,P018,2025-02-09,12,7
RX000564,C0077,P018,2025-02-27,56,38
RX000565,C0086,P020,2025-02-19,25,17
RX000566,C0090,P021,2025-02-03,41,37
RX000567,C0094,P002,2025-02-03,57,45
RX000568,C0118,P001,2025-02-08,77,52
RX000569,C0116,P016,2025-02-23,89,66
RX000570,C0117,P015,2025-02-05,108,84
RX000571,C0104,P017,2025-02-03,94,86
RX000572,C0101,P024,2025-02-28,116,105
RX000573,C0010,P004,2025-03-13,91,68
RX000574,C0002,P003,2025-03-14,120,73
RX000575,C0022,P001,2025-03-26,110,74
RX000576,C0010,P001,2025-03-27,43,34
RX000577,C0018,P003,2025-03-07,94,79
RX000578,C0006,P011,2025-03-02,55,47
RX000579,C0027,P010,2025-03-18,61,41
RX000580,C0009,P018,2025-03-26,17,11
RX000581,C0003,P014,2025-03-23,69,54
RX000582,C0001,P019,2025-03-04,79,51
RX000583,C0016,P020,2025-03-22,21,13
RX000584,C0012,P022,2025-03-14,29,18
RX000585,C0026,P028,2025-03-26,64,47
RX000586,C0026,P027,2025-03-10,66,43
RX000587,C0057,P002,2025-03-22,95,78
RX000588,C0040,P006,2025-03-01,78,74
RX000589,C0055,P001,2025-03-27,83,52
RX000590,C0043,P003,2025-03-11,50,30
RX000591,C0060,P006,2025-03-24,75,55
RX000592,C0038,P008,2025-03-21,59,42
RX000593,C0048,P007,2025-03-08,26,18
RX000594,C0053,P012,2025-03-05,7,5
RX000595,C0043,P007,2025-03-06,38,25
RX000596,C0040,P016,2025-03-01,27,22
RX000597,C0047,P017,2025-03-24,119,101
RX000598,C0044,P018,2025-03-22,19,16
RX000599,C0050,P023,2025-03-13,30,26
RX000600,C0052,P022,2025-03-19,100,90
RX000601,C0035,P019,2025-03-17,17,15
RX000602,C0082,P004,2025-03-26,75,48
RX000603,C0069,P002,2025-03-17,78,49
RX000604,C0071,P017,2025-03-16,90,58
RX000605,C0087,P013,2025-03-12,6,3
RX000606,C0083,P018,2025-03-11,37,33
RX000607,C0066,P022,2025-03-15,57,51
RX000608,C0071,P030,2025-03-26,10,6
RX000609,C0107,P004,2025-03-24,113,73
RX000610,C0113,P010,2025-03-21,53,40
RX000611,C0102,P010,2025-03-28,51,35
RX000612,C0103,P019,2025-03-11,58,48
RX000613,C0113,P022,2025-03-04,95,69
RX000614,C0011,P004,2025-04-08,69,55
RX000615,C0010,P005,2025-04-06,82,73
RX000616,C0025,P001,2025-04-27,51,30
RX000617,C0003,P004,2025-04-25,50,41
RX000618,C0002,P006,2025-04-06,34,22
RX000619,C0015,P007,2025-04-28,59,37
RX000620,C0015,P011,2025-04-09,70,61
RX000621,C0007,P018,2025-04-16,53,42
RX000622,C0015,P015,2025-04-23,67,46
RX000623,C0010,P013,2025-04-18,116,78
RX000624,C0018,P014,2025-04-10,106,70
RX000625,C0013,P014,2025-04-05,37,26
RX000626,C0001,P020,2025-04-24,9,6
RX000627,C0005,P023,2025-04-06,86,77
RX000628,C0013,P021,2025-04-19,7,5
RX000629,C0009,P023,2025-04-23,112,99
RX000630,C0004,P030,2025-04-02,13,11
RX000631,C0004,P026,2025-04-25,74,66
RX000632,C0057,P005,2025-04-28,110,80
RX000633,C0043,P006,2025-04-10,20,14
RX000634,C0059,P009,2025-04-07,118,110
RX000635,C0035,P011,2025-04-04,118,102
RX000636,C0043,P012,2025-04-19,64,56
RX000637,C0057,P013,2025-04-02,51,44
RX000638,C0054,P013,2025-04-13,102,95
RX000639,C0042,P017,2025-04-17,31,28
RX000640,C0055,P017,2025-04-13,102,94
RX000641,C0058,P016,2025-04-13,118,84
RX000642,C0060,P016,2025-04-15,14,9
RX000643,C0039,P022,2025-04-23,113,98
RX000644,C0047,P024,2025-04-10,94,56
RX000645,C0031,P029,2025-04-22,24,16
RX000646,C0069,P006,2025-04-03,68,49
RX000647,C0087,P006,2025-04-05,50,41
RX000648,C0072,P001,2025-04-16,51,32
RX000649,C0062,P011,2025-04-25,104,68
RX000650,C0063,P016,2025-04-04,94,77
RX000651,C0090,P014,2025-04-07,79,61
RX000652,C0089,P021,2025-04-02,63,57
RX000653,C0071,P024,2025-04-04,75,47
RX000654,C0114,P005,2025-04-25,45,28
RX000655,C0114,P003,2025-04-05,109,82
RX000656,C0106,P014,2025-04-09,71,67
RX000657,C0106,P017,2025-04-02,67,43
RX000658,C0116,P018,2025-04-06,60,41
RX000659,C0091,P013,2025-04-24,63,57
RX000660,C0119,P022,2025-04-11,44,32
RX000661,C0099,P020,2025-04-08,31,25
RX000662,C0010,P001,2025-05-28,83,65
RX000663,C0025,P003,2025-05-15,21,15
RX000664,C0009,P004,2025-05-25,100,69
RX000665,C0020,P010,2025-05-27,102,63
RX000666,C0012,P009,2025-05-05,101,78
RX000667,C0028,P014,2025-05-11,78,47
RX000668,C0015,P015,2025-05-15,81,59
RX000669,C0009,P015,2025-05-25,61,43
RX000670,C0016,P015,2025-05-15,119,77
RX000671,C0016,P018,2025-05-08,59,53
RX000672,C0018,P017,2025-05-16,109,77
RX000673,C0007,P022,2025-05-08,109,65
RX000674,C0007,P020,2025-05-15,23,20
RX000675,C0030,P021,2025-05-19,97,59
RX000676,C0007,P022,2025-05-20,15,11
RX000677,C0026,P030,2025-05-11,117,106
RX000678,C0012,P029,2025-05-03,52,36
RX000679,C0015,P027,2025-05-15,113,103
RX000680,C0055,P004,2025-05-19,116,77
RX000681,C0040,P003,2025-05-12,48,32
RX000682,C0040,P001,2025-05-27,93,66
RX000683,C0033,P004,2025-05-03,5,4
RX000684,C0048,P012,2025-05-18,14,8
RX000685,C0056,P008,2025-05-15,43,28
RX000686,C0043,P008,2025-05-01,85,65
RX000687,C0045,P017,2025-05-01,82,54
RX000688,C0058,P013,2025-05-11,78,52
RX000689,C0039,P019,2025-05-28,7,5
RX000690,C0050,P020,2025-05-12,31,19
RX000691,C0047,P019,2025-05-22,61,54
RX000692,C0054,P019,2025-05-03,95,89
RX000693,C0035,P021,2025-05-02,20,17
RX000694,C0072,P006,2025-05-22,96,76
RX000695,C0087,P005,2025-05-07,115,95
RX000696,C0077,P007,2025-05-28,6,5
RX000697,C0083,P013,2025-05-13,54,45
RX000698,C0088,P014,2025-05-07,9,5
RX000699,C0083,P017,2025-05-26,32,19
RX000700,C0089,P013,2025-05-09,89,72
RX000701,C0082,P024,2025-05-22,20,18
RX000702,C0086,P025,2025-05-24,71,65
RX000703,C0073,P027,2025-05-10,66,62
RX000704,C0094,P006,2025-05-16,41,38
RX000705,C0120,P001,2025-05-10,100,91
RX000706,C0110,P008,2025-05-25,17,10
RX000707,C0110,P018,2025-05-01,116,84
RX000708,C0109,P016,2025-05-17,103,96
RX000709,C0099,P017,2025-05-23,85,71
RX000710,C0116,P015,2025-05-08,10,8
RX000711,C0109,P023,2025-05-01,114,96
RX000712,C0097,P025,2025-05-15,91,74
RX000713,C0016,P005,2025-06-28,11,6
RX000714,C0010,P002,2025-06-13,35,28
RX000715,C0010,P005,2025-06-06,100,72
RX000716,C0015,P012,2025-06-14,108,90
RX000717,C0014,P008,2025-06-14,104,89
RX000718,C0027,P012,2025-06-12,25,21
RX000719,C0019,P018,2025-06-28,117,102
RX000720,C0009,P018,2025-06-15,25,22
RX000721,C0004,P015,2025-06-17,119,78
RX000722,C0010,P016,2025-06-05,83,55
RX000723,C0001,P014,2025-06-14,77,50
RX000724,C0013,P022,2025-06-10,34,23
RX000725,C0005,P021,2025-06-26,20,17
RX000726,C0013,P024,2025-06-16,9,6
RX000727,C0021,P020,2025-06-10,83,63
RX000728,C0006,P023,2025-06-10,17,11
RX000729,C0028,P024,2025-06-19,63,59
RX000730,C0010,P029,2025-06-24,8,5
RX000731,C0004,P025,2025-06-18,16,12
RX000732,C0009,P025,2025-06-09,5,3
RX000733,C0036,P003,2025-06-19,108,75
RX000734,C0060,P003,2025-06-14,40,29
RX000735,C0040,P001,2025-06-01,89,63
RX000736,C0041,P001,2025-06-01,120,91
RX000737,C0055,P003,2025-06-25,47,29
RX000738,C0059,P008,2025-06-09,79,52
RX000739,C0049,P017,2025-06-24,83,66
RX000740,C0037,P015,2025-06-07,52,36
RX000741,C0038,P014,2025-06-05,63,57
RX000742,C0041,P021,2025-06-26,53,40
RX000743,C0054,P021,2025-06-28,99,76
RX000744,C0050,P021,2025-06-14,57,38
RX000745,C0048,P027,2025-06-25,51,47
RX000746,C0039,P027,2025-06-25,48,32
RX000747,C0087,P003,2025-06-06,64,50
RX000748,C0082,P001,2025-06-26,42,27
RX000749,C0087,P004,2025-06-25,10,8
RX000750,C0074,P012,2025-06-18,82,62
RX000751,C0086,P018,2025-06-16,11,8
RX000752,C0088,P016,2025-06-25,45,40
RX000753,C0071,P022,2025-06-07,91,84
RX000754,C0061,P021,2025-06-24,97,63
RX000755,C0063,P019,2025-06-02,107,78
RX000756,C0115,P005,2025-06-04,36,32
RX000757,C0094,P006,2025-06-17,110,94
RX000758,C0095,P005,2025-06-10,44,28
RX000759,C0095,P012,2025-06-01,96,66
RX000760,C0114,P011,2025-06-20,41,35
RX000761,C0104,P016,2025-06-03,29,17
RX000762,C0118,P013,2025-06-13,17,12
RX000763,C0111,P024,2025-06-14,29,23
RX000764,C0100,P025,2025-06-04,27,21
RX000765,C0009,P003,2025-07-12,24,22
RX000766,C0019,P004,2025-07-06,26,20
RX000767,C0016,P003,2025-07-21,76,56
RX000768,C0029,P001,2025-07-16,83,55
RX000769,C0002,P005,2025-07-07,40,30
RX000770,C0019,P011,2025-07-27,5,4
RX000771,C0005,P009,2025-07-09,108,71
RX000772,C0015,P012,2025-07-19,13,9
RX000773,C0008,P016,2025-07-20,21,13
RX000774,C0018,P017,2025-07-22,90,63
RX000775,C0023,P016,2025-07-27,71,62
RX000776,C0030,P018,2025-07-24,13,7
RX000777,C0024,P016,2025-07-23,38,24
RX000778,C0016,P016,2025-07-26,52,43
RX000779,C0028,P021,2025-07-16,41,36
RX000780,C0012,P024,2025-07-18,116,107
RX000781,C0006,P019,2025-07-12,64,47
RX000782,C0021,P029,2025-07-19,110,74
RX000783,C0040,P004,2025-07-06,95,68
RX000784,C0051,P006,2025-07-14,108,75
RX000785,C0060,P003,2025-07-05,33,24
RX000786,C0043,P005,2025-07-12,74,56
RX000787,C0056,P009,2025-07-11,15,13
RX000788,C0054,P013,2025-07-04,49,34
RX000789,C0047,P013,2025-07-27,99,82
RX000790,C0046,P014,2025-07-21,34,29
RX000791,C0050,P024,2025-07-26,50,46
RX000792,C0039,P020,2025-07-22,98,78
RX000793,C0039,P020,2025-07-01,118,81
RX000794,C0079,P005,2025-07-25,77,60
RX000795,C0089,P004,2025-07-28,46,28
RX000796,C0077,P001,2025-07-04,35,23
RX000797,C0069,P002,2025-07-01,120,82
RX000798,C0062,P007,2025-07-03,38,24
RX000799,C0074,P008,2025-07-08,97,72
RX000800,C0077,P009,2025-07-02,100,81
RX000801,C0081,P016,2025-07-02,38,31
RX000802,C0068,P015,2025-07-26,66,41
RX000803,C0090,P015,2025-07-05,72,48
RX000804,C0065,P020,2025-07-14,34,26
RX000805,C0063,P024,2025-07-05,82,56
RX000806,C0087,P019,2025-07-27,120,109
RX000807,C0068,P027,2025-07-12,70,50
RX000808,C0105,P005,2025-07-22,93,59
RX000809,C0114,P005,2025-07-06,62,44
RX000810,C0094,P008,2025-07-09,108,91
RX000811,C0094,P009,2025-07-09,21,13
RX000812,C0116,P017,2025-07-11,66,60
RX000813,C0112,P016,2025-07-23,93,56
RX000814,C0019,P006,2025-08-17,119,98
RX000815,C0016,P001,2025-08-04,75,58
RX000816,C0012,P009,2025-08-06,22,19
RX000817,C0014,P011,2025-08-18,84,61
RX000818,C0019,P012,2025-08-11,94,65
RX000819,C0023,P018,2025-08-17,63,41
RX000820,C0019,P016,2025-08-13,94,82
RX000821,C0029,P016,2025-08-06,87,81
RX000822,C0028,P020,2025-08-23,76,62
RX000823,C0014,P024,2025-08-21,113,68
RX000824,C0013,P022,2025-08-03,28,19
RX000825,C0012,P020,2025-08-17,118,97
RX000826,C0028,P024,2025-08-13,60,46
RX000827,C0009,P026,2025-08-19,56,52
RX000828,C0012,P027,2025-08-11,75,64
RX000829,C0057,P003,2025-08-11,78,55
RX000830,C0033,P003,2025-08-07,119,77
RX000831,C0038,P012,2025-08-01,94,77
RX000832,C0035,P007,2025-08-18,111,73
RX000833,C0032,P018,2025-08-17,93,81
RX000834,C0047,P016,2025-08-27,113,97
RX000835,C0031,P018,2025-08-28,49,33
RX000836,C0046,P018,2025-08-11,68,56
RX000837,C0052,P013,2025-08-23,73,69
RX000838,C0050,P022,2025-08-26,7,4
RX000839,C0060,P020,2025-08-01,47,35
RX000840,C0035,P020,2025-08-07,64,52
RX000841,C0056,P027,2025-08-20,119,75
RX000842,C0077,P004,2025-08-03,109,90
RX000843,C0077,P010,2025-08-19,39,29
RX000844,C0081,P009,2025-08-17,8,4
RX000845,C0083,P018,2025-08-09,16,14
RX000846,C0071,P017,2025-08-02,53,34
RX000847,C0063,P018,2025-08-26,66,60
RX000848,C0079,P016,2025-08-22,49,30
RX000849,C0078,P023,2025-08-05,87,61
RX000850,C0089,P023,2025-08-25,36,33
RX000851,C0082,P019,2025-08-03,43,35
RX000852,C0086,P028,2025-08-01,39,33
RX000853,C0094,P002,2025-08-21,77,63
RX000854,C0107,P006,2025-08-13,80,48
RX000855,C0098,P009,2025-08-02,85,64
RX000856,C0109,P014,2025-08-05,15,12
RX000857,C0120,P017,2025-08-23,101,93
RX000858,C0118,P016,2025-08-06,100,83
RX000859,C0111,P019,2025-08-06,105,67
RX000860,C0095,P028,2025-08-08,72,46
RX000861,C0027,P005,2025-09-22,103,69
RX000862,C0018,P004,2025-09-01,107,89
RX000863,C0009,P002,2025-09-14,113,74
RX000864,C0029,P004,2025-09-09,8,5
RX000865,C0027,P004,2025-09-21,104,66
RX000866,C0015,P012,2025-09-22,27,18
RX000867,C0006,P011,2025-09-22,104,83
RX000868,C0003,P017,2025-09-22,111,95
RX000869,C0010,P017,2025-09-12,85,53
RX000870,C0008,P014,2025-09-28,36,33
RX000871,C0029,P013,2025-09-05,31,28
RX000872,C0016,P017,2025-09-04,81,51
RX000873,C0006,P022,2025-09-13,118,86
RX000874,C0009,P023,2025-09-04,92,86
RX000875,C0020,P024,2025-09-24,25,16
RX000876,C0020,P023,2025-09-14,105,84
RX000877,C0004,P029,2025-09-26,75,46
RX000878,C0004,P030,2025-09-12,106,69
RX000879,C0015,P030,2025-09-09,64,42
RX000880,C0033,P002,2025-09-14,35,27
RX000881,C0031,P002,2025-09-20,57,38
RX000882,C0036,P001,2025-09-22,7,6
RX000883,C0059,P009,2025-09-28,83,49
RX000884,C0035,P009,2025-09-19,46,37
RX000885,C0043,P007,2025-09-16,21,13
RX000886,C0038,P018,2025-09-17,6,4
RX000887,C0049,P016,2025-09-17,14,10
RX000888,C0038,P013,2025-09-20,19,17
RX000889,C0037,P015,2025-09-17,28,17
RX000890,C0042,P015,2025-09-24,42,38
RX000891,C0046,P014,2025-09-25,104,88
RX000892,C0043,P024,2025-09-18,112,90
RX000893,C0031,P019,2025-09-16,25,20
RX000894,C0045,P029,2025-09-08,53,32
RX000895,C0056,P027,2025-09-05,30,26
RX000896,C0069,P006,2025-09-07,88,54
RX000897,C0072,P003,2025-09-02,94,67
RX000898,C0076,P004,2025-09-09,40,35
RX000899,C0065,P006,2025-09-17,56,47
RX000900,C0084,P009,2025-09-07,90,65
RX000901,C0067,P008,2025-09-28,49,41
RX000902,C0077,P012,2025-09-06,99,77
RX000903,C0083,P014,2025-09-15,25,18
RX000904,C0079,P017,2025-09-25,44,30
RX000905,C0070,P013,2025-09-20,24,19
RX000906,C0085,P023,2025-09-23,39,27
RX000907,C0064,P019,2025-09-09,33,24
RX000908,C0086,P027,2025-09-13,80,68
RX000909,C0095,P004,2025-09-02,16,10
RX000910,C0095,P005,2025-09-16,78,67
RX000911,C0108,P006,2025-09-19,61,55
RX000912,C0109,P004,2025-09-10,56,39
RX000913,C0117,P014,2025-09-09,6,4
RX000914,C0102,P015,2025-09-06,10,8
RX000915,C0115,P020,2025-09-17,98,62
RX000916,C0027,P002,2025-10-27,93,83
RX000917,C0027,P002,2025-10-12,52,45
RX000918,C0025,P001,2025-10-06,40,27
RX000919,C0015,P012,2025-10-20,109,76
RX000920,C0006,P011,2025-10-14,23,18
RX000921,C0018,P017,2025-10-03,47,33
RX000922,C0024,P013,2025-10-20,120,112
RX000923,C0007,P014,2025-10-14,64,56
RX000924,C0007,P016,2025-10-02,49,32
RX000925,C0023,P015,2025-10-06,18,13
RX000926,C0021,P021,2025-10-16,46,31
RX000927,C0007,P024,2025-10-08,57,34
RX000928,C0016,P020,2025-10-21,73,49
RX000929,C0030,P022,2025-10-12,96,68
RX000930,C0021,P022,2025-10-06,107,79
RX000931,C0025,P022,2025-10-12,84,65
RX000932,C0012,P027,2025-10-20,104,76
RX000933,C0009,P025,2025-10-17,79,55
RX000934,C0004,P027,2025-10-18,114,74
RX000935,C0043,P006,2025-10-21,93,65
RX000936,C0031,P004,2025-10-22,101,84
RX000937,C0057,P004,2025-10-02,102,68
RX000938,C0058,P001,2025-10-01,64,51
RX000939,C0033,P002,2025-10-13,40,27
RX000940,C0043,P011,2025-10-17,62,48
RX000941,C0048,P010,2025-10-18,33,27
RX000942,C0045,P016,2025-10-24,49,36
RX000943,C0038,P013,2025-10-05,116,76
RX000944,C0040,P015,2025-10-24,55,41
RX000945,C0044,P018,2025-10-05,17,13
RX000946,C0033,P022,2025-10-06,105,99
RX000947,C0047,P022,2025-10-22,18,13
RX000948,C0060,P023,2025-10-26,78,72
RX000949,C0035,P020,2025-10-26,73,51
RX000950,C0031,P030,2025-10-15,30,19
RX000951,C0056,P030,2025-10-10,55,48
RX000952,C0055,P027,2025-10-25,18,16
RX000953,C0056,P026,2025-10-22,34,26
RX000954,C0076,P006,2025-10-17,59,53
RX000955,C0069,P005,2025-10-27,97,70
RX000956,C0085,P001,2025-10-25,71,46
RX000957,C0062,P012,2025-10-21,116,103
RX000958,C0077,P015,2025-10-11,110,98
RX000959,C0079,P017,2025-10-04,79,52
RX000960,C0074,P020,2025-10-03,33,28
RX000961,C0064,P024,2025-10-14,52,34
RX000962,C0102,P005,2025-10-15,59,39
RX000963,C0120,P016,2025-10-05,17,12
RX000964,C0120,P018,2025-10-17,105,94
RX000965,C0109,P022,2025-10-14,93,83
RX000966,C0097,P028,2025-10-18,109,90
RX000967,C0011,P004,2025-11-05,33,20
RX000968,C0003,P002,2025-11-25,26,17
RX000969,C0016,P001,2025-11-19,7,5
RX000970,C0029,P005,2025-11-11,77,68
RX000971,C0003,P006,2025-11-14,19,16
RX000972,C0012,P011,2025-11-28,69,56
RX000973,C0019,P011,2025-11-26,102,89
RX000974,C0012,P009,2025-11-15,8,6
RX000975,C0005,P009,2025-11-13,36,31
RX000976,C0009,P018,2025-11-08,65,56
RX000977,C0008,P015,2025-11-13,57,40
RX000978,C0017,P014,2025-11-25,53,47
RX000979,C0016,P015,2025-11-04,40,28
RX000980,C0010,P015,2025-11-09,27,24
RX000981,C0013,P015,2025-11-02,41,36
RX000982,C0014,P021,2025-11-05,8,6
RX000983,C0020,P020,2025-11-23,90,75
RX000984,C0014,P023,2025-11-25,12,7
RX000985,C0016,P019,2025-11-23,116,69
RX000986,C0012,P020,2025-11-05,119,76
RX000987,C0015,P027,2025-11-25,109,100
RX000988,C0047,P005,2025-11-21,14,11
RX000989,C0036,P006,2025-11-19,46,43
RX000990,C0040,P005,2025-11-08,101,69
RX000991,C0051,P002,2025-11-21,78,59
RX000992,C0056,P010,2025-11-23,10,7
RX000993,C0053,P008,2025-11-08,65,56
RX000994,C0045,P016,2025-11-13,18,14
RX000995,C0037,P018,2025-11-11,23,20
RX000996,C0047,P018,2025-11-04,112,75
RX000997,C0032,P013,2025-11-24,92,62
RX000998,C0044,P013,2025-11-25,60,54
RX000999,C0043,P019,2025-11-25,55,33
RX001000,C0056,P023,2025-11-13,22,19
RX001001,C0036,P020,2025-11-26,35,21
RX001002,C0036,P021,2025-11-16,64,50
RX001003,C0052,P019,2025-11-21,120,100
RX001004,C0048,P025,2025-11-11,97,79
RX001005,C0031,P030,2025-11-16,76,69
RX001006,C0076,P006,2025-11-13,66,42
RX001007,C0072,P003,2025-11-28,80,75
RX001008,C0082,P002,2025-11-25,39,34
RX001009,C0069,P006,2025-11-02,48,43
RX001010,C0062,P008,2025-11-01,79,74
RX001011,C0089,P011,2025-11-02,29,26
RX001012,C0089,P012,2025-11-15,40,35
RX001013,C0072,P018,2025-11-10,68,50
RX001014,C0090,P013,2025-11-16,106,92
RX001015,C0082,P024,2025-11-07,105,87
RX001016,C0082,P019,2025-11-03,83,52
RX001017,C0061,P022,2025-11-07,75,68
RX001018,C0067,P027,2025-11-07,39,34
RX001019,C0095,P004,2025-11-09,55,50
RX001020,C0105,P006,2025-11-24,19,11
RX001021,C0110,P011,2025-11-23,11,7
RX001022,C0095,P007,2025-11-13,96,68
RX001023,C0104,P017,2025-11-15,58,44
RX001024,C0096,P018,2025-11-27,18,11
RX001025,C0096,P015,2025-11-15,117,110
RX001026,C0109,P022,2025-11-13,63,42
RX001027,C0103,P023,2025-11-15,47,38
RX001028,C0112,P026,2025-11-25,107,100
RX001029,C0027,P005,2025-12-06,10,6
RX001030,C0002,P006,2025-12-17,7,4
RX001031,C0027,P006,2025-12-15,116,96
RX001032,C0019,P005,2025-12-21,87,58
RX001033,C0005,P010,2025-12-01,80,57
RX001034,C0020,P010,2025-12-04,34,29
RX001035,C0008,P017,2025-12-16,35,28
RX001036,C0029,P014,2025-12-05,112,92
RX001037,C0013,P018,2025-12-22,67,47
RX001038,C0030,P016,2025-12-11,15,12
RX001039,C0024,P014,2025-12-04,23,14
RX001040,C0023,P018,2025-12-14,67,53
RX001041,C0013,P014,2025-12-09,25,16
RX001042,C0007,P013,2025-12-03,76,55
RX001043,C0025,P021,2025-12-26,88,62
RX001044,C0020,P024,2025-12-04,117,99
RX001045,C0020,P019,2025-12-22,68,61
RX001046,C0009,P021,2025-12-25,114,75
RX001047,C0009,P024,2025-12-19,66,46
RX001048,C0010,P025,2025-12-14,9,7
RX001049,C0009,P026,2025-12-13,84,59
RX001050,C0055,P002,2025-12-11,7,5
RX001051,C0033,P001,2025-12-23,95,66
RX001052,C0057,P002,2025-12-24,118,94
RX001053,C0043,P003,2025-12-22,78,72
RX001054,C0040,P002,2025-12-26,79,72
RX001055,C0057,P006,2025-12-02,88,75
RX001056,C0056,P011,2025-12-19,103,68
RX001057,C0059,P010,2025-12-11,110,73
RX001058,C0059,P012,2025-12-13,14,12
RX001059,C0053,P012,2025-12-19,31,29
RX001060,C0050,P008,2025-12-16,105,91
RX001061,C0055,P018,2025-12-01,61,50
RX001062,C0038,P013,2025-12-13,101,65
RX001063,C0057,P015,2025-12-17,108,101
RX001064,C0042,P018,2025-12-15,25,16
RX001065,C0054,P023,2025-12-01,33,20
RX001066,C0060,P024,2025-12-19,72,47
RX001067,C0031,P024,2025-12-01,69,55
RX001068,C0031,P023,2025-12-06,78,48
RX001069,C0039,P019,2025-12-08,52,36
RX001070,C0031,P030,2025-12-09,71,60
RX001071,C0065,P003,2025-12-13,28,24
RX001072,C0082,P004,2025-12-20,67,60
RX001073,C0067,P007,2025-12-07,65,58
RX001074,C0077,P017,2025-12-13,8,5
RX001075,C0070,P018,2025-12-14,32,27
RX001076,C0088,P015,2025-12-15,36,27
RX001077,C0083,P014,2025-12-20,27,23
RX001078,C0071,P020,2025-12-09,9,6
RX001079,C0063,P024,2025-12-05,90,70
RX001080,C0086,P027,2025-12-05,6,4
RX001081,C0067,P025,2025-12-24,63,52
RX001082,C0114,P006,2025-12-08,37,27
RX001083,C0110,P008,2025-12-08,74,60
RX001084,C0102,P008,2025-12-13,66,39
RX001085,C0091,P018,2025-12-15,118,98
RX001086,C0110,P017,2025-12-17,120,93
RX001087,C0099,P020,2025-12-18,64,48
RX001088,C0113,P021,2025-12-13,117,106
RX001089,C0092,P022,2025-12-18,47,37
RX001090,C0005,P004,2026-01-03,116,108
RX001091,C0024,P001,2026-01-26,72,62
RX001092,C0019,P003,2026-01-11,50,30
RX001093,C0010,P001,2026-01-09,8,5
RX001094,C0013,P005,2026-01-13,110,69
RX001095,C0010,P005,2026-01-03,109,95
RX001096,C0018,P002,2026-01-13,32,21
RX001097,C0030,P003,2026-01-11,97,81
RX001098,C0003,P004,2026-01-11,118,96
RX001099,C0001,P011,2026-01-28,25,17
RX001100,C0030,P012,2026-01-01,73,51
RX001101,C0013,P009,2026-01-14,87,74
RX001102,C0017,P008,2026-01-28,46,33
RX001103,C0013,P007,2026-01-17,38,31
RX001104,C0008,P011,2026-01-11,116,97
RX001105,C0010,P015,2026-01-28,11,7
RX001106,C0025,P017,2026-01-08,76,47
RX001107,C0012,P013,2026-01-15,28,16
RX001108,C0015,P018,2026-01-04,110,85
RX001109,C0018,P024,2026-01-23,71,46
RX001110,C0028,P022,2026-01-19,65,54
RX001111,C0022,P023,2026-01-15,33,25
RX001112,C0025,P024,2026-01-15,33,23
RX001113,C0030,P021,2026-01-21,102,74
RX001114,C0054,P001,2026-01-21,71,43
RX001115,C0055,P002,2026-01-25,89,77
RX001116,C0040,P003,2026-01-03,111,78
RX001117,C0039,P004,2026-01-03,35,29
RX001118,C0055,P003,2026-01-12,29,22
RX001119,C0057,P004,2026-01-19,117,95
RX001120,C0057,P009,2026-01-27,9,6
RX001121,C0058,P009,2026-01-05,13,8
RX001122,C0034,P012,2026-01-11,69,47
RX001123,C0058,P008,2026-01-08,115,93
RX001124,C0059,P009,2026-01-13,77,59
RX001125,C0051,P016,2026-01-12,86,60
RX001126,C0040,P013,2026-01-04,107,87
RX001127,C0031,P015,2026-01-20,111,71
RX001128,C0053,P015,2026-01-22,85,77
RX001129,C0053,P018,2026-01-23,32,26
RX001130,C0059,P020,2026-01-22,108,102
RX001131,C0042,P023,2026-01-22,37,28
RX001132,C0042,P020,2026-01-23,30,18
RX001133,C0059,P024,2026-01-15,87,69
RX001134,C0037,P022,2026-01-28,10,6
RX001135,C0047,P025,2026-01-18,92,68
RX001136,C0067,P006,2026-01-05,31,18
RX001137,C0085,P006,2026-01-04,58,36
RX001138,C0079,P001,2026-01-18,41,38
RX001139,C0088,P005,2026-01-06,41,33
RX001140,C0079,P016,2026-01-03,8,5
RX001141,C0061,P021,2026-01-09,104,71
RX001142,C0089,P019,2026-01-22,5,3
RX001143,C0063,P028,2026-01-25,79,68
RX001144,C0100,P005,2026-01-15,105,99
RX001145,C0115,P005,2026-01-17,7,4
RX001146,C0117,P006,2026-01-08,40,27
RX001147,C0117,P012,2026-01-18,76,48
RX001148,C0109,P011,2026-01-02,55,37
RX001149,C0116,P011,2026-01-10,68,47
RX001150,C0119,P014,2026-01-03,73,63
RX001151,C0107,P020,2026-01-01,90,59
RX001152,C0114,P030,2026-01-14,51,45
RX001153,C0027,P005,2026-02-07,38,25
RX001154,C0013,P006,2026-02-21,98,65
RX001155,C0014,P006,2026-02-03,16,9
RX001156,C0027,P006,2026-02-02,40,37
RX001157,C0017,P001,2026-02-19,11,8
RX001158,C0011,P008,2026-02-16,24,15
RX001159,C0013,P009,2026-02-27,71,57
RX001160,C0001,P008,2026-02-05,98,70
RX001161,C0003,P007,2026-02-22,85,66
RX001162,C0002,P017,2026-02-26,44,35
RX001163,C0004,P018,2026-02-23,55,44
RX001164,C0021,P016,2026-02-12,112,71
RX001165,C0017,P018,2026-02-13,61,47
RX001166,C0007,P014,2026-02-07,21,12
RX001167,C0005,P017,2026-02-03,74,51
RX001168,C0015,P014,2026-02-09,88,81
RX001169,C0013,P022,2026-02-03,39,29
RX001170,C0025,P021,2026-02-13,61,56
RX001171,C0006,P021,2026-02-10,97,60
RX001172,C0003,P030,2026-02-09,26,17
RX001173,C0016,P025,2026-02-14,8,6
RX001174,C0043,P005,2026-02-07,15,9
RX001175,C0056,P002,2026-02-14,52,35
RX001176,C0047,P002,2026-02-14,52,41
RX001177,C0040,P003,2026-02-01,20,15
RX001178,C0055,P003,2026-02-21,38,31
RX001179,C0056,P004,2026-02-05,57,53
RX001180,C0040,P004,2026-02-04,71,56
RX001181,C0055,P009,2026-02-13,7,5
RX001182,C0036,P011,2026-02-23,14,9
RX001183,C0041,P011,2026-02-26,120,78
RX001184,C0050,P011,2026-02-24,12,10
RX001185,C0050,P011,2026-02-19,28,24
RX001186,C0038,P011,2026-02-07,82,76
RX001187,C0041,P016,2026-02-10,87,61
RX001188,C0043,P018,2026-02-13,34,29
RX001189,C0038,P016,2026-02-21,59,38
RX001190,C0057,P016,2026-02-21,70,59
RX001191,C0047,P013,2026-02-12,37,24
RX001192,C0032,P024,2026-02-18,112,101
RX001193,C0031,P020,2026-02-05,120,109
RX001194,C0045,P020,2026-02-15,78,49
RX001195,C0032,P023,2026-02-15,92,64
RX001196,C0050,P023,2026-02-07,6,4
RX001197,C0040,P030,2026-02-11,64,56
RX001198,C0076,P005,2026-02-02,31,27
RX001199,C0076,P005,2026-02-28,65,41
RX001200,C0067,P005,2026-02-16,25,18
RX001201,C0062,P010,2026-02-06,69,58
RX001202,C0067,P010,2026-02-17,78,68
RX001203,C0062,P011,2026-02-24,91,77
RX001204,C0072,P014,2026-02-24,67,57
RX001205,C0081,P019,2026-02-14,23,18
RX001206,C0078,P021,2026-02-25,31,21
RX001207,C0120,P003,2026-02-26,113,76
RX001208,C0096,P005,2026-02-07,74,53
RX001209,C0107,P002,2026-02-22,75,50
RX001210,C0104,P006,2026-02-02,42,25
RX001211,C0115,P001,2026-02-21,100,83
RX001212,C0116,P008,2026-02-24,23,19
RX001213,C0109,P007,2026-02-13,70,62
RX001214,C0109,P010,2026-02-10,70,64
RX001215,C0093,P016,2026-02-24,9,6
RX001216,C0112,P016,2026-02-03,62,58
RX001217,C0096,P018,2026-02-24,5,3
RX001218,C0099,P015,2026-02-19,15,13
RX001219,C0117,P020,2026-02-23,47,44
RX001220,C0112,P024,2026-02-23,84,53
RX001221,C0117,P024,2026-02-15,58,53
RX001222,C0110,P026,2026-02-22,83,64
RX001223,C0014,P004,2026-03-01,7,6
RX001224,C0022,P001,2026-03-22,112,104
RX001225,C0024,P001,2026-03-21,120,94
RX001226,C0014,P004,2026-03-22,104,93
RX001227,C0005,P005,2026-03-21,39,36
RX001228,C0010,P001,2026-03-15,46,42
RX001229,C0023,P003,2026-03-05,56,35
RX001230,C0017,P008,2026-03-07,79,65
RX001231,C0029,P011,2026-03-03,38,36
RX001232,C0015,P012,2026-03-15,111,77
RX001233,C0017,P012,2026-03-22,11,9
RX001234,C0013,P012,2026-03-18,22,19
RX001235,C0030,P010,2026-03-20,16,12
RX001236,C0022,P014,2026-03-03,64,51
RX001237,C0020,P018,2026-03-28,54,48
RX001238,C0017,P016,2026-03-09,21,15
RX001239,C0004,P018,2026-03-07,101,71
RX001240,C0003,P016,2026-03-11,42,37
RX001241,C0018,P015,2026-03-23,101,92
RX001242,C0001,P014,2026-03-20,42,27
RX001243,C0028,P015,2026-03-06,108,86
RX001244,C0028,P020,2026-03-03,49,36
RX001245,C0022,P023,2026-03-19,117,73
RX001246,C0025,P024,2026-03-26,68,49
RX001247,C0006,P022,2026-03-02,76,51
RX001248,C0005,P030,2026-03-18,10,9
RX001249,C0057,P003,2026-03-22,61,57
RX001250,C0032,P003,2026-03-25,96,90
RX001251,C0057,P001,2026-03-22,68,50
RX001252,C0043,P006,2026-03-03,43,37
RX001253,C0057,P006,2026-03-06,88,79
RX001254,C0054,P001,2026-03-22,12,8
RX001255,C0046,P006,2026-03-17,15,11
RX001256,C0032,P006,2026-03-13,44,39
RX001257,C0041,P009,2026-03-17,60,53
RX001258,C0057,P008,2026-03-12,83,57
RX001259,C0040,P007,2026-03-03,117,91
RX001260,C0036,P009,2026-03-17,25,19
RX001261,C0055,P018,2026-03-18,58,37
RX001262,C0052,P018,2026-03-05,49,40
RX001263,C0044,P019,2026-03-09,58,45
RX001264,C0033,P022,2026-03-20,82,71
RX001265,C0050,P020,2026-03-15,69,58
RX001266,C0033,P022,2026-03-14,31,27
RX001267,C0031,P019,2026-03-25,49,36
RX001268,C0037,P020,2026-03-06,87,80
RX001269,C0032,P023,2026-03-11,81,72
RX001270,C0054,P025,2026-03-25,51,47
RX001271,C0052,P026,2026-03-24,41,37
RX001272,C0063,P004,2026-03-15,64,51
RX001273,C0078,P001,2026-03-21,77,51
RX001274,C0076,P002,2026-03-23,71,47
RX001275,C0062,P007,2026-03-15,77,51
RX001276,C0065,P015,2026-03-01,51,38
RX001277,C0064,P016,2026-03-04,108,73
RX001278,C0075,P022,2026-03-01,18,15
RX001279,C0072,P024,2026-03-17,84,51
RX001280,C0061,P025,2026-03-18,63,56
RX001281,C0119,P005,2026-03-20,90,75
RX001282,C0102,P001,2026-03-16,86,80
RX001283,C0100,P003,2026-03-15,43,26
RX001284,C0114,P009,2026-03-22,29,20
RX001285,C0111,P008,2026-03-18,50,47
RX001286,C0095,P012,2026-03-17,97,69
RX001287,C0117,P009,2026-03-08,109,70
RX001288,C0109,P010,2026-03-23,21,19
RX001289,C0117,P017,2026-03-13,66,44
RX001290,C0111,P016,2026-03-04,84,64
RX001291,C0107,P023,2026-03-12,11,9
RX001292,C0091,P022,2026-03-06,116,102
RX001293,C0110,P028,2026-03-04,57,37
RX001294,C0106,P028,2026-03-08,91,76
RX001295,C0017,P005,2026-04-04,106,88
RX001296,C0024,P003,2026-04-14,116,79
RX001297,C0023,P005,2026-04-02,119,86
RX001298,C0027,P002,2026-04-13,31,25
RX001299,C0010,P003,2026-04-03,41,31
RX001300,C0019,P002,2026-04-10,95,88
RX001301,C0022,P005,2026-04-19,119,108
RX001302,C0024,P003,2026-04-11,32,25
RX001303,C0029,P006,2026-04-27,50,41
RX001304,C0006,P004,2026-04-26,77,60
RX001305,C0029,P008,2026-04-04,12,7
RX001306,C0016,P011,2026-04-13,53,33
RX001307,C0011,P009,2026-04-13,110,72
RX001308,C0016,P009,2026-04-11,16,10
RX001309,C0011,P010,2026-04-28,60,46
RX001310,C0008,P013,2026-04-12,48,33
RX001311,C0029,P015,2026-04-25,84,57
RX001312,C0017,P013,2026-04-18,107,70
RX001313,C0001,P018,2026-04-25,99,62
RX001314,C0021,P017,2026-04-12,77,54
RX001315,C0003,P017,2026-04-22,28,18
RX001316,C0024,P016,2026-04-14,42,25
RX001317,C0009,P019,2026-04-20,81,60
RX001318,C0025,P022,2026-04-12,112,102
RX001319,C0006,P022,2026-04-10,104,98
RX001320,C0008,P024,2026-04-17,48,35
RX001321,C0008,P022,2026-04-19,38,32
RX001322,C0006,P022,2026-04-21,85,58
RX001323,C0024,P029,2026-04-11,78,71
RX001324,C0006,P027,2026-04-02,64,60
RX001325,C0044,P001,2026-04-25,31,26
RX001326,C0038,P004,2026-04-21,34,20
RX001327,C0046,P006,2026-04-09,69,47
RX001328,C0035,P004,2026-04-09,28,22
RX001329,C0059,P004,2026-04-04,55,49
RX001330,C0035,P006,2026-04-13,89,61
RX001331,C0058,P001,2026-04-25,22,17
RX001332,C0041,P007,2026-04-17,47,38
RX001333,C0050,P007,2026-04-24,113,78
RX001334,C0040,P007,2026-04-06,100,86
RX001335,C0033,P012,2026-04-16,50,45
RX001336,C0040,P016,2026-04-14,89,79
RX001337,C0046,P018,2026-04-21,41,27
RX001338,C0031,P017,2026-04-28,100,72
RX001339,C0044,P019,2026-04-16,38,23
RX001340,C0051,P019,2026-04-14,62,44
RX001341,C0045,P023,2026-04-12,97,71
RX001342,C0038,P028,2026-04-02,105,77
RX001343,C0041,P030,2026-04-12,68,62
RX001344,C0085,P005,2026-04-18,60,36
RX001345,C0067,P002,2026-04-21,109,91
RX001346,C0062,P012,2026-04-28,18,13
RX001347,C0074,P008,2026-04-10,111,92
RX001348,C0068,P015,2026-04-09,107,99
RX001349,C0063,P015,2026-04-03,16,12
RX001350,C0065,P020,2026-04-26,28,24
RX001351,C0076,P020,2026-04-19,49,40
RX001352,C0089,P022,2026-04-27,97,76
RX001353,C0105,P006,2026-04-20,88,53
RX001354,C0118,P010,2026-04-20,5,4
RX001355,C0117,P008,2026-04-13,76,70
RX001356,C0118,P012,2026-04-07,66,46
RX001357,C0111,P008,2026-04-20,105,74
RX001358,C0094,P011,2026-04-22,42,35
RX001359,C0099,P014,2026-04-19,108,89
RX001360,C0101,P015,2026-04-01,11,9
RX001361,C0110,P015,2026-04-10,67,58
RX001362,C0113,P017,2026-04-14,120,102
RX001363,C0101,P018,2026-04-25,47,43
RX001364,C0091,P020,2026-04-16,16,11
RX001365,C0107,P023,2026-04-06,55,48
RX001366,C0098,P029,2026-04-05,102,66
RX001367,C0105,P027,2026-04-01,92,82
RX001368,C0020,P005,2026-05-06,9,5
RX001369,C0023,P006,2026-05-09,20,15
RX001370,C0018,P004,2026-05-24,78,62
RX001371,C0020,P002,2026-05-27,86,81
RX001372,C0010,P005,2026-05-01,13,11
RX001373,C0017,P005,2026-05-05,105,91
RX001374,C0019,P005,2026-05-18,36,25
RX001375,C0005,P003,2026-05-09,62,47
RX001376,C0029,P009,2026-05-05,120,74
RX001377,C0030,P009,2026-05-07,35,28
RX001378,C0018,P008,2026-05-12,46,39
RX001379,C0003,P007,2026-05-24,112,71
RX001380,C0018,P012,2026-05-20,45,34
RX001381,C0004,P016,2026-05-15,107,100
RX001382,C0018,P015,2026-05-06,8,5
RX001383,C0003,P013,2026-05-08,96,83
RX001384,C0021,P015,2026-05-25,25,20
RX001385,C0028,P014,2026-05-17,107,83
RX001386,C0010,P015,2026-05-22,6,3
RX001387,C0018,P023,2026-05-01,115,75
RX001388,C0006,P023,2026-05-15,56,37
RX001389,C0022,P023,2026-05-12,89,64
RX001390,C0028,P023,2026-05-08,115,73
RX001391,C0005,P023,2026-05-23,95,64
RX001392,C0006,P025,2026-05-20,57,47
RX001393,C0047,P002,2026-05-22,44,38
RX001394,C0054,P001,2026-05-02,77,71
RX001395,C0044,P002,2026-05-21,71,55
RX001396,C0059,P003,2026-05-20,23,15
RX001397,C0046,P002,2026-05-14,81,67
RX001398,C0056,P006,2026-05-03,96,58
RX001399,C0035,P006,2026-05-14,52,35
RX001400,C0055,P006,2026-05-19,87,52
RX001401,C0042,P004,2026-05-18,34,30
RX001402,C0059,P009,2026-05-04,50,44
RX001403,C0055,P016,2026-05-25,107,66
RX001404,C0057,P017,2026-05-16,99,77
RX001405,C0038,P013,2026-05-28,111,104
RX001406,C0052,P015,2026-05-17,109,94
RX001407,C0035,P014,2026-05-27,54,50
RX001408,C0032,P019,2026-05-07,51,45
RX001409,C0045,P020,2026-05-21,8,7
RX001410,C0053,P020,2026-05-02,53,44
RX001411,C0062,P004,2026-05-17,68,42
RX001412,C0061,P004,2026-05-09,74,67
RX001413,C0061,P001,2026-05-26,110,93
RX001414,C0065,P003,2026-05-25,52,36
RX001415,C0061,P009,2026-05-17,56,50
RX001416,C0061,P008,2026-05-14,10,9
RX001417,C0061,P017,2026-05-24,36,23
RX001418,C0081,P013,2026-05-18,6,4
RX001419,C0075,P021,2026-05-23,28,24
RX001420,C0088,P027,2026-05-15,42,34
RX001421,C0096,P002,2026-05-10,84,52
RX001422,C0102,P002,2026-05-08,43,31
RX001423,C0102,P003,2026-05-28,5,3
RX001424,C0110,P004,2026-05-14,32,28
RX001425,C0105,P009,2026-05-06,118,101
RX001426,C0117,P009,2026-05-08,5,3
RX001427,C0094,P009,2026-05-04,88,77
RX001428,C0118,P016,2026-05-13,42,35
RX001429,C0091,P014,2026-05-19,40,34
RX001430,C0096,P017,2026-05-09,98,89
RX001431,C0119,P013,2026-05-09,78,70
RX001432,C0117,P018,2026-05-26,37,31
RX001433,C0113,P018,2026-05-09,90,68
RX001434,C0098,P021,2026-05-09,29,25
RX001435,C0095,P024,2026-05-19,106,93
RX001436,C0091,P020,2026-05-05,85,66
RX001437,C0022,P002,2026-06-02,29,23
RX001438,C0022,P005,2026-06-25,105,74
RX001439,C0010,P001,2026-06-02,60,51
RX001440,C0023,P005,2026-06-20,24,22
RX001441,C0018,P004,2026-06-04,88,55
RX001442,C0022,P001,2026-06-22,117,90
RX001443,C0018,P002,2026-06-28,33,20
RX001444,C0023,P004,2026-06-12,59,42
RX001445,C0011,P007,2026-06-03,87,74
RX001446,C0016,P008,2026-06-14,29,24
RX001447,C0018,P010,2026-06-05,12,9
RX001448,C0030,P012,2026-06-24,55,49
RX001449,C0013,P011,2026-06-21,109,67
RX001450,C0017,P009,2026-06-01,46,30
RX001451,C0016,P011,2026-06-18,47,29
RX001452,C0021,P018,2026-06-16,6,4
RX001453,C0028,P013,2026-06-12,76,64
RX001454,C0006,P017,2026-06-17,10,8
RX001455,C0001,P015,2026-06-12,61,57
RX001456,C0029,P013,2026-06-11,22,17
RX001457,C0022,P015,2026-06-08,65,52
RX001458,C0010,P016,2026-06-10,116,85
RX001459,C0005,P017,2026-06-02,21,19
RX001460,C0007,P013,2026-06-12,14,9
RX001461,C0022,P014,2026-06-14,64,38
RX001462,C0018,P017,2026-06-05,14,13
RX001463,C0001,P017,2026-06-10,22,14
RX001464,C0002,P022,2026-06-26,97,89
RX001465,C0025,P022,2026-06-15,98,76
RX001466,C0005,P026,2026-06-18,106,68
RX001467,C0003,P027,2026-06-23,9,7
RX001468,C0006,P028,2026-06-27,15,13
RX001469,C0040,P001,2026-06-27,78,65
RX001470,C0056,P005,2026-06-17,36,24
RX001471,C0057,P001,2026-06-13,65,54
RX001472,C0040,P001,2026-06-21,24,20
RX001473,C0055,P005,2026-06-08,81,60
RX001474,C0056,P004,2026-06-24,12,10
RX001475,C0038,P002,2026-06-14,55,39
RX001476,C0039,P005,2026-06-08,39,32
RX001477,C0058,P008,2026-06-06,28,17
RX001478,C0036,P011,2026-06-19,59,42
RX001479,C0034,P011,2026-06-26,57,41
RX001480,C0040,P010,2026-06-20,118,99
RX001481,C0059,P008,2026-06-02,93,65
RX001482,C0041,P013,2026-06-22,12,10
RX001483,C0055,P015,2026-06-16,19,14
RX001484,C0039,P018,2026-06-08,98,73
RX001485,C0031,P015,2026-06-27,88,58
RX001486,C0049,P015,2026-06-19,77,49
RX001487,C0058,P015,2026-06-16,20,14
RX001488,C0046,P013,2026-06-18,50,37
RX001489,C0050,P023,2026-06-22,74,65
RX001490,C0037,P024,2026-06-24,80,71
RX001491,C0050,P022,2026-06-04,40,30
RX001492,C0041,P023,2026-06-03,41,26
RX001493,C0053,P024,2026-06-02,38,26
RX001494,C0053,P023,2026-06-15,80,65
RX001495,C0047,P026,2026-06-03,74,55
RX001496,C0041,P026,2026-06-26,28,18
RX001497,C0079,P005,2026-06-22,65,47
RX001498,C0071,P005,2026-06-16,14,13
RX001499,C0081,P005,2026-06-17,96,64
RX001500,C0078,P009,2026-06-12,114,96
RX001501,C0069,P009,2026-06-01,44,36
RX001502,C0069,P011,2026-06-23,97,90
RX001503,C0079,P007,2026-06-13,39,31
RX001504,C0073,P016,2026-06-10,105,98
RX001505,C0063,P016,2026-06-08,13,11
RX001506,C0063,P022,2026-06-22,76,52
RX001507,C0110,P005,2026-06-05,48,42
RX001508,C0110,P003,2026-06-03,41,35
RX001509,C0096,P001,2026-06-22,109,102
RX001510,C0104,P006,2026-06-22,66,54
RX001511,C0119,P005,2026-06-19,55,45
RX001512,C0099,P005,2026-06-01,50,34
RX001513,C0095,P008,2026-06-19,103,85
RX001514,C0107,P008,2026-06-12,18,17
RX001515,C0117,P018,2026-06-26,92,63
RX001516,C0093,P017,2026-06-27,106,67
RX001517,C0112,P018,2026-06-27,105,84
RX001518,C0107,P019,2026-06-19,13,8
RX001519,C0103,P022,2026-06-03,69,54
RX001520,C0107,P027,2026-06-01,49,33
RX001521,C0030,P004,2026-07-28,25,16
RX001522,C0010,P003,2026-07-11,29,21
RX001523,C0013,P002,2026-07-16,30,21
RX001524,C0006,P001,2026-07-27,41,35
RX001525,C0006,P002,2026-07-15,28,22
RX001526,C0023,P002,2026-07-07,38,34
RX001527,C0025,P001,2026-07-22,74,70
RX001528,C0010,P006,2026-07-10,7,6
RX001529,C0022,P003,2026-07-04,35,28
RX001530,C0005,P005,2026-07-28,113,70
RX001531,C0008,P011,2026-07-22,40,27
RX001532,C0011,P007,2026-07-12,108,99
RX001533,C0016,P012,2026-07-09,81,58
RX001534,C0030,P007,2026-07-20,104,68
RX001535,C0021,P016,2026-07-28,111,85
RX001536,C0025,P015,2026-07-28,23,18
RX001537,C0020,P013,2026-07-23,72,64
RX001538,C0021,P014,2026-07-14,112,68
RX001539,C0007,P017,2026-07-28,64,50
RX001540,C0002,P014,2026-07-18,73,62
RX001541,C0022,P024,2026-07-09,29,21
RX001542,C0009,P019,2026-07-18,20,17
RX001543,C0030,P021,2026-07-26,47,38
RX001544,C0030,P022,2026-07-20,44,30
RX001545,C0055,P002,2026-07-16,66,43
RX001546,C0058,P004,2026-07-01,84,64
RX001547,C0040,P001,2026-07-20,21,14
RX001548,C0043,P005,2026-07-09,5,3
RX001549,C0057,P007,2026-07-22,94,74
RX001550,C0040,P012,2026-07-07,67,53
RX001551,C0059,P007,2026-07-12,100,72
RX001552,C0041,P007,2026-07-12,109,76
RX001553,C0041,P009,2026-07-18,79,65
RX001554,C0051,P016,2026-07-01,14,12
RX001555,C0046,P013,2026-07-23,69,65
RX001556,C0049,P014,2026-07-27,42,26
RX001557,C0055,P014,2026-07-19,20,14
RX001558,C0041,P018,2026-07-23,112,105
RX001559,C0031,P013,2026-07-15,41,34
RX001560,C0060,P016,2026-07-23,72,46
RX001561,C0042,P020,2026-07-25,119,95
RX001562,C0060,P020,2026-07-10,109,66
RX001563,C0053,P020,2026-07-27,96,67
RX001564,C0041,P020,2026-07-05,67,42
RX001565,C0033,P024,2026-07-09,113,95
RX001566,C0041,P029,2026-07-21,60,48
RX001567,C0089,P006,2026-07-20,64,56
RX001568,C0077,P001,2026-07-24,85,69
RX001569,C0078,P001,2026-07-23,71,65
RX001570,C0081,P001,2026-07-15,30,27
RX001571,C0077,P003,2026-07-13,95,89
RX001572,C0070,P002,2026-07-18,90,65
RX001573,C0069,P010,2026-07-16,96,72
RX001574,C0069,P008,2026-07-24,41,38
RX001575,C0066,P017,2026-07-15,104,71
RX001576,C0085,P023,2026-07-08,73,49
RX001577,C0088,P025,2026-07-27,21,19
RX001578,C0110,P002,2026-07-08,23,15
RX001579,C0095,P003,2026-07-19,19,17
RX001580,C0104,P006,2026-07-10,60,39
RX001581,C0119,P004,2026-07-28,104,90
RX001582,C0095,P001,2026-07-10,72,58
RX001583,C0095,P011,2026-07-04,109,91
RX001584,C0092,P009,2026-07-12,59,49
RX001585,C0092,P007,2026-07-17,22,14
RX001586,C0109,P012,2026-07-26,64,56
RX001587,C0093,P014,2026-07-09,79,65
RX001588,C0094,P015,2026-07-18,60,51
RX001589,C0118,P018,2026-07-11,62,54
RX001590,C0097,P022,2026-07-24,65,52
RX001591,C0119,P022,2026-07-25,93,81
RX001592,C0105,P025,2026-07-11,111,79
RX001593,C0027,P006,2026-08-17,54,45
RX001594,C0010,P003,2026-08-15,50,33
RX001595,C0029,P004,2026-08-15,20,14
RX001596,C0027,P003,2026-08-01,98,86
RX001597,C0020,P001,2026-08-27,102,80
RX001598,C0010,P005,2026-08-16,102,69
RX001599,C0018,P005,2026-08-18,81,57
RX001600,C0025,P001,2026-08-04,60,37
RX001601,C0003,P007,2026-08-25,103,89
RX001602,C0008,P008,2026-08-07,82,61
RX001603,C0018,P015,2026-08-13,24,15
RX001604,C0018,P014,2026-08-21,92,73
RX001605,C0018,P016,2026-08-07,34,25
RX001606,C0025,P016,2026-08-03,59,46
RX001607,C0005,P019,2026-08-23,18,14
RX001608,C0005,P019,2026-08-11,89,64
RX001609,C0019,P023,2026-08-21,117,83
RX001610,C0005,P027,2026-08-17,85,61
RX001611,C0006,P028,2026-08-09,7,5
RX001612,C0006,P028,2026-08-13,98,90
RX001613,C0058,P004,2026-08-07,73,49
RX001614,C0043,P003,2026-08-04,52,34
RX001615,C0038,P001,2026-08-11,5,3
RX001616,C0032,P005,2026-08-01,110,72
RX001617,C0032,P004,2026-08-06,16,13
RX001618,C0044,P004,2026-08-09,16,10
RX001619,C0038,P003,2026-08-24,33,26
RX001620,C0038,P003,2026-08-16,44,37
RX001621,C0034,P012,2026-08-02,78,58
RX001622,C0059,P010,2026-08-05,81,68
RX001623,C0058,P008,2026-08-23,75,68
RX001624,C0057,P007,2026-08-02,68,43
RX001625,C0041,P007,2026-08-09,99,62
RX001626,C0055,P012,2026-08-07,35,24
RX001627,C0055,P017,2026-08-21,17,10
RX001628,C0050,P014,2026-08-11,75,45
RX001629,C0046,P015,2026-08-13,67,56
RX001630,C0050,P016,2026-08-17,19,15
RX001631,C0047,P016,2026-08-18,51,38
RX001632,C0050,P024,2026-08-18,19,17
RX001633,C0042,P024,2026-08-17,36,32
RX001634,C0031,P020,2026-08-13,69,53
RX001635,C0045,P022,2026-08-22,27,21
RX001636,C0040,P029,2026-08-03,64,43
RX001637,C0038,P029,2026-08-02,40,26
RX001638,C0061,P001,2026-08-17,53,37
RX001639,C0077,P006,2026-08-10,111,93
RX001640,C0071,P007,2026-08-07,83,61
RX001641,C0061,P012,2026-08-05,98,84
RX001642,C0074,P010,2026-08-08,5,3
RX001643,C0070,P013,2026-08-12,118,101
RX001644,C0074,P016,2026-08-27,19,15
RX001645,C0069,P018,2026-08-03,6,5
RX001646,C0063,P021,2026-08-02,83,72
RX001647,C0064,P019,2026-08-25,91,82
RX001648,C0061,P026,2026-08-24,80,48
RX001649,C0100,P003,2026-08-14,90,83
RX001650,C0105,P002,2026-08-07,68,54
RX001651,C0114,P009,2026-08-13,30,24
RX001652,C0115,P008,2026-08-03,105,74
RX001653,C0110,P015,2026-08-19,92,64
RX001654,C0110,P014,2026-08-05,29,22
RX001655,C0093,P016,2026-08-01,53,37
RX001656,C0119,P021,2026-08-15,83,64
RX001657,C0097,P019,2026-08-28,99,70
RX001658,C0119,P030,2026-08-15,54,46
RX001659,C0013,P003,2026-09-15,64,57
RX001660,C0017,P004,2026-09-16,106,88
RX001661,C0014,P005,2026-09-01,10,9
RX001662,C0013,P003,2026-09-09,18,12
RX001663,C0027,P003,2026-09-15,69,42
RX001664,C0006,P004,2026-09-20,32,27
RX001665,C0018,P009,2026-09-07,102,63
RX001666,C0008,P010,2026-09-12,102,64
RX001667,C0003,P011,2026-09-11,92,57
RX001668,C0008,P009,2026-09-24,100,84
RX001669,C0029,P008,2026-09-17,49,33
RX001670,C0011,P008,2026-09-15,22,15
RX001671,C0007,P011,2026-09-05,30,19
RX001672,C0029,P008,2026-09-20,71,45
RX001673,C0028,P016,2026-09-20,38,31
RX001674,C0001,P014,2026-09-25,29,18
RX001675,C0022,P016,2026-09-12,118,106
RX001676,C0025,P018,2026-09-21,111,92
RX001677,C0028,P015,2026-09-23,51,36
RX001678,C0002,P013,2026-09-09,108,90
RX001679,C0018,P024,2026-09-06,9,8
RX001680,C0018,P021,2026-09-07,59,37
RX001681,C0022,P019,2026-09-09,16,10
RX001682,C0006,P019,2026-09-11,75,63
RX001683,C0019,P023,2026-09-27,94,76
RX001684,C0029,P030,2026-09-06,23,15
RX001685,C0026,P027,2026-09-04,116,95
RX001686,C0035,P002,2026-09-15,34,24
RX001687,C0046,P001,2026-09-15,95,88
RX001688,C0056,P002,2026-09-18,33,25
RX001689,C0032,P002,2026-09-16,25,18
RX001690,C0056,P003,2026-09-21,31,21
RX001691,C0043,P006,2026-09-18,32,21
RX001692,C0048,P005,2026-09-01,27,16
RX001693,C0039,P001,2026-09-23,25,17
RX001694,C0032,P006,2026-09-23,50,36
RX001695,C0040,P008,2026-09-24,99,79
RX001696,C0060,P012,2026-09-12,48,29
RX001697,C0050,P010,2026-09-03,93,56
RX001698,C0058,P010,2026-09-15,54,42
RX001699,C0038,P012,2026-09-02,65,61
RX001700,C0033,P009,2026-09-10,97,75
RX001701,C0058,P018,2026-09-27,77,49
RX001702,C0035,P015,2026-09-19,57,53
RX001703,C0031,P014,2026-09-08,70,64
RX001704,C0041,P016,2026-09-22,98,68
RX001705,C0055,P015,2026-09-27,34,21
RX001706,C0053,P020,2026-09-16,72,51
RX001707,C0051,P021,2026-09-07,116,85
RX001708,C0051,P020,2026-09-23,74,62
RX001709,C0053,P019,2026-09-06,80,61
RX001710,C0044,P019,2026-09-02,114,76
RX001711,C0044,P019,2026-09-11,16,12
RX001712,C0059,P019,2026-09-09,52,43
RX001713,C0089,P001,2026-09-11,111,99
RX001714,C0061,P001,2026-09-03,9,7
RX001715,C0064,P003,2026-09-19,51,30
RX001716,C0074,P009,2026-09-19,45,31
RX001717,C0079,P011,2026-09-19,9,6
RX001718,C0071,P011,2026-09-23,75,60
RX001719,C0078,P016,2026-09-04,105,67
RX001720,C0071,P016,2026-09-14,40,27
RX001721,C0080,P016,2026-09-24,71,60
RX001722,C0078,P013,2026-09-25,25,17
RX001723,C0076,P024,2026-09-12,116,99
RX001724,C0084,P020,2026-09-27,111,97
RX001725,C0089,P024,2026-09-24,77,67
RX001726,C0089,P020,2026-09-10,96,79
RX001727,C0119,P004,2026-09-16,44,39
RX001728,C0110,P004,2026-09-18,53,35
RX001729,C0098,P004,2026-09-10,16,9
RX001730,C0107,P010,2026-09-06,59,46
RX001731,C0092,P007,2026-09-28,40,29
RX001732,C0095,P007,2026-09-22,92,86
RX001733,C0116,P011,2026-09-10,62,54
RX001734,C0112,P018,2026-09-17,67,49
RX001735,C0119,P014,2026-09-06,112,98
RX001736,C0093,P017,2026-09-19,118,101
RX001737,C0103,P013,2026-09-12,6,4
RX001738,C0095,P022,2026-09-12,24,16
RX001739,C0112,P023,2026-09-14,110,88
RX001740,C0112,P019,2026-09-21,6,4
RX001741,C0110,P028,2026-09-28,57,35
RX001742,C0117,P026,2026-09-26,43,26
RX001743,C0020,P003,2026-10-13,60,52
RX001744,C0017,P006,2026-10-18,87,52
RX001745,C0023,P004,2026-10-01,55,45
RX001746,C0030,P004,2026-10-20,71,43
RX001747,C0017,P004,2026-10-04,97,77
RX001748,C0010,P005,2026-10-11,40,24
RX001749,C0025,P002,2026-10-28,117,110
RX001750,C0023,P003,2026-10-10,16,11
RX001751,C0005,P001,2026-10-20,8,5
RX001752,C0029,P011,2026-10-25,14,12
RX001753,C0011,P010,2026-10-21,48,29
RX001754,C0018,P008,2026-10-17,42,37
RX001755,C0001,P009,2026-10-17,83,53
RX001756,C0030,P012,2026-10-05,15,9
RX001757,C0017,P011,2026-10-14,33,24
RX001758,C0008,P018,2026-10-07,106,82
RX001759,C0004,P018,2026-10-17,47,33
RX001760,C0028,P016,2026-10-26,108,89
RX001761,C0017,P014,2026-10-24,49,33
RX001762,C0020,P014,2026-10-12,106,69
RX001763,C0018,P021,2026-10-14,71,62
RX001764,C0019,P021,2026-10-26,94,60
RX001765,C0002,P022,2026-10-02,17,15
RX001766,C0013,P020,2026-10-16,17,12
RX001767,C0016,P021,2026-10-20,90,71
RX001768,C0006,P019,2026-10-04,63,41
RX001769,C0006,P025,2026-10-09,5,4
RX001770,C0029,P026,2026-10-16,53,37
RX001771,C0029,P029,2026-10-13,84,54
RX001772,C0057,P003,2026-10-03,110,84
RX001773,C0042,P006,2026-10-23,116,74
RX001774,C0059,P003,2026-10-20,58,47
RX001775,C0044,P005,2026-10-02,55,42
RX001776,C0032,P003,2026-10-06,30,18
RX001777,C0059,P005,2026-10-03,5,3
RX001778,C0035,P006,2026-10-27,113,76
RX001779,C0038,P004,2026-10-11,118,100
RX001780,C0036,P010,2026-10-12,64,56
RX001781,C0036,P012,2026-10-05,100,92
RX001782,C0036,P009,2026-10-28,108,101
RX001783,C0034,P007,2026-10-01,46,33
RX001784,C0055,P017,2026-10-04,34,20
RX001785,C0043,P017,2026-10-10,108,73
RX001786,C0052,P017,2026-10-11,94,73
RX001787,C0051,P016,2026-10-18,85,66
RX001788,C0040,P017,2026-10-03,113,68
RX001789,C0047,P015,2026-10-28,13,11
RX001790,C0053,P018,2026-10-06,68,53
RX001791,C0033,P019,2026-10-03,80,67
RX001792,C0051,P023,2026-10-02,10,7
RX001793,C0055,P025,2026-10-12,46,33
RX001794,C0065,P001,2026-10-20,25,15
RX001795,C0064,P004,2026-10-17,63,44
RX001796,C0067,P006,2026-10-07,87,67
RX001797,C0079,P001,2026-10-22,73,68
RX001798,C0086,P009,2026-10-27,66,46
RX001799,C0078,P015,2026-10-16,117,93
RX001800,C0075,P024,2026-10-26,8,7
RX001801,C0099,P006,2026-10-23,106,98
RX001802,C0098,P001,2026-10-04,119,104
RX001803,C0107,P003,2026-10-21,65,60
RX001804,C0099,P004,2026-10-06,28,18
RX001805,C0114,P010,2026-10-03,72,54
RX001806,C0118,P008,2026-10-11,67,60
RX001807,C0116,P011,2026-10-26,58,39
RX001808,C0113,P015,2026-10-08,36,26
RX001809,C0115,P018,2026-10-26,15,9
RX001810,C0106,P013,2026-10-15,67,44
RX001811,C0117,P016,2026-10-04,76,66
RX001812,C0097,P020,2026-10-13,103,90
RX001813,C0098,P019,2026-10-02,74,50
RX001814,C0116,P021,2026-10-27,61,42
RX001815,C0114,P027,2026-10-19,47,40
RX001816,C0003,P006,2026-11-23,68,55
RX001817,C0020,P006,2026-11-11,21,15
RX001818,C0020,P003,2026-11-24,6,5
RX001819,C0006,P005,2026-11-13,71,62
RX001820,C0023,P003,2026-11-22,74,52
RX001821,C0018,P005,2026-11-20,116,103
RX001822,C0013,P004,2026-11-20,83,64
RX001823,C0023,P002,2026-11-08,33,29
RX001824,C0017,P006,2026-11-18,23,21
RX001825,C0030,P008,2026-11-26,42,36
RX001826,C0001,P007,2026-11-09,88,83
RX001827,C0007,P007,2026-11-19,65,50
RX001828,C0017,P016,2026-11-23,60,51
RX001829,C0024,P018,2026-11-24,89,58
RX001830,C0010,P013,2026-11-17,57,36
RX001831,C0005,P015,2026-11-26,120,89
RX001832,C0007,P017,2026-11-17,50,30
RX001833,C0009,P020,2026-11-28,61,53
RX001834,C0003,P020,2026-11-22,39,31
RX001835,C0013,P020,2026-11-08,115,100
RX001836,C0019,P019,2026-11-20,72,67
RX001837,C0011,P029,2026-11-07,75,48
RX001838,C0003,P027,2026-11-22,25,23
RX001839,C0057,P001,2026-11-05,32,23
RX001840,C0058,P006,2026-11-27,102,95
RX001841,C0042,P006,2026-11-22,91,71
RX001842,C0039,P005,2026-11-17,109,72
RX001843,C0058,P005,2026-11-15,74,64
RX001844,C0035,P002,2026-11-11,100,91
RX001845,C0043,P004,2026-11-26,18,15
RX001846,C0040,P003,2026-11-08,49,30
RX001847,C0039,P003,2026-11-09,83,51
RX001848,C0048,P006,2026-11-25,118,91
RX001849,C0033,P011,2026-11-16,53,32
RX001850,C0034,P012,2026-11-06,17,14
RX001851,C0033,P009,2026-11-16,51,31
RX001852,C0060,P007,2026-11-24,116,109
RX001853,C0034,P011,2026-11-14,5,4
RX001854,C0058,P012,2026-11-23,33,28
RX001855,C0057,P009,2026-11-14,56,37
RX001856,C0052,P018,2026-11-27,14,12
RX001857,C0035,P013,2026-11-13,67,55
RX001858,C0031,P018,2026-11-04,112,83
RX001859,C0060,P014,2026-11-13,97,58
RX001860,C0060,P024,2026-11-05,35,22
RX001861,C0037,P023,2026-11-10,51,32
RX001862,C0044,P021,2026-11-07,55,50
RX001863,C0040,P025,2026-11-21,47,35
RX001864,C0088,P002,2026-11-10,72,65
RX001865,C0075,P003,2026-11-17,28,19
RX001866,C0070,P002,2026-11-04,31,25
RX001867,C0062,P003,2026-11-07,37,23
RX001868,C0085,P003,2026-11-06,70,62
RX001869,C0066,P008,2026-11-14,38,24
RX001870,C0071,P007,2026-11-14,53,47
RX001871,C0079,P010,2026-11-07,23,14
RX001872,C0074,P013,2026-11-25,38,29
RX001873,C0071,P015,2026-11-02,42,38
RX001874,C0086,P021,2026-11-10,31,19
RX001875,C0109,P005,2026-11-12,108,88
RX001876,C0117,P005,2026-11-28,37,34
RX001877,C0110,P004,2026-11-02,75,68
RX001878,C0093,P004,2026-11-16,24,22
RX001879,C0098,P002,2026-11-04,60,53
RX001880,C0098,P004,2026-11-18,18,14
RX001881,C0120,P002,2026-11-07,77,55
RX001882,C0115,P009,2026-11-16,114,105
RX001883,C0117,P016,2026-11-22,104,90
RX001884,C0111,P015,2026-11-17,33,28
RX001885,C0117,P015,2026-11-04,109,72
RX001886,C0103,P015,2026-11-18,48,36
RX001887,C0118,P019,2026-11-09,113,85
RX001888,C0098,P019,2026-11-28,76,69
RX001889,C0096,P023,2026-11-05,57,52
RX001890,C0094,P020,2026-11-27,99,91
RX001891,C0098,P029,2026-11-24,106,67
RX001892,C0023,P006,2026-12-24,82,56
RX001893,C0024,P004,2026-12-20,117,107
RX001894,C0013,P002,2026-12-19,107,81
RX001895,C0017,P006,2026-12-19,104,68
RX001896,C0017,P005,2026-12-14,81,74
RX001897,C0017,P001,2026-12-10,12,11
RX001898,C0013,P006,2026-12-26,116,82
RX001899,C0014,P004,2026-12-08,104,94
RX001900,C0015,P007,2026-12-22,74,55
RX001901,C0029,P007,2026-12-18,51,47
RX001902,C0001,P010,2026-12-11,15,10
RX001903,C0018,P009,2026-12-27,7,4
RX001904,C0001,P009,2026-12-21,66,53
RX001905,C0018,P007,2026-12-16,31,24
RX001906,C0021,P013,2026-12-06,29,27
RX001907,C0008,P018,2026-12-16,110,72
RX001908,C0028,P018,2026-12-20,119,80
RX001909,C0029,P018,2026-12-19,114,69
RX001910,C0005,P013,2026-12-19,109,93
RX001911,C0018,P016,2026-12-25,108,83
RX001912,C0003,P015,2026-12-10,41,32
RX001913,C0003,P013,2026-12-12,47,40
RX001914,C0024,P015,2026-12-17,109,87
RX001915,C0007,P018,2026-12-02,115,86
RX001916,C0012,P013,2026-12-06,115,84
RX001917,C0010,P015,2026-12-26,112,92
RX001918,C0016,P021,2026-12-09,23,14
RX001919,C0024,P023,2026-12-15,117,102
RX001920,C0013,P020,2026-12-06,118,79
RX001921,C0013,P024,2026-12-08,72,48
RX001922,C0025,P023,2026-12-07,89,83
RX001923,C0013,P021,2026-12-08,41,28
RX001924,C0026,P027,2026-12-21,56,34
RX001925,C0029,P029,2026-12-09,52,37
RX001926,C0006,P030,2026-12-21,93,87
RX001927,C0040,P006,2026-12-02,30,28
RX001928,C0058,P004,2026-12-03,7,6
RX001929,C0048,P004,2026-12-17,78,66
RX001930,C0032,P002,2026-12-19,120,113
RX001931,C0046,P001,2026-12-03,46,42
RX001932,C0054,P005,2026-12-02,72,47
RX001933,C0054,P003,2026-12-05,108,85
RX001934,C0040,P006,2026-12-03,109,84
RX001935,C0046,P001,2026-12-27,28,21
RX001936,C0034,P007,2026-12-15,49,46
RX001937,C0040,P010,2026-12-07,15,14
RX001938,C0036,P010,2026-12-25,57,41
RX001939,C0050,P007,2026-12-21,40,31
RX001940,C0059,P007,2026-12-06,72,55
RX001941,C0038,P012,2026-12-12,91,78
RX001942,C0058,P009,2026-12-26,87,69
RX001943,C0060,P011,2026-12-04,12,7
RX001944,C0058,P013,2026-12-01,62,56
RX001945,C0040,P015,2026-12-11,107,72
RX001946,C0052,P013,2026-12-15,41,26
RX001947,C0058,P014,2026-12-17,67,63
RX001948,C0055,P013,2026-12-03,119,104
RX001949,C0035,P016,2026-12-20,85,74
RX001950,C0055,P014,2026-12-25,6,5
RX001951,C0059,P019,2026-12-19,114,97
RX001952,C0053,P024,2026-12-04,46,30
RX001953,C0045,P022,2026-12-02,20,12
RX001954,C0053,P024,2026-12-25,15,11
RX001955,C0076,P002,2026-12-28,48,33
RX001956,C0089,P001,2026-12-15,104,78
RX001957,C0088,P004,2026-12-05,64,58
RX001958,C0061,P004,2026-12-26,60,36
RX001959,C0075,P004,2026-12-08,100,88
RX001960,C0067,P009,2026-12-28,117,83
RX001961,C0069,P015,2026-12-17,12,9
RX001962,C0084,P016,2026-12-09,43,33
RX001963,C0087,P015,2026-12-27,13,9
RX001964,C0084,P020,2026-12-12,111,98
RX001965,C0075,P024,2026-12-08,41,38
RX001966,C0062,P021,2026-12-26,52,49
RX001967,C0110,P003,2026-12-23,60,37
RX001968,C0116,P001,2026-12-25,66,50
RX001969,C0100,P006,2026-12-19,11,8
RX001970,C0094,P008,2026-12-01,35,30
RX001971,C0097,P014,2026-12-23,18,11
RX001972,C0112,P014,2026-12-18,81,57
RX001973,C0096,P013,2026-12-09,73,54
RX001974,C0103,P018,2026-12-17,36,27
RX001975,C0102,P015,2026-12-22,104,77
RX001976,C0112,P024,2026-12-17,56,42
RX001977,C0105,P028,2026-12-21,42,28
RX001978,C0119,P027,2026-12-26,76,56
